ကာဂစ်စတန်	k ə ɡ ɪ ʔ s ə t à ɴ
ကော်တွန်	k ɔ̀ t ʊ̀ ɴ
ကော်ပြန့်စိမ်း	k ɔ̀ p j a̰ ɴ z é ɪ ɴ
လူစုလူဝေး	l ù z ṵ l ù w é
အလူမီနီယမ်	ʔ ə l ù m ì n ì j à ɴ
မုန်လာဥနီ	m ò ʊ ɴ l à ʔ ṵ n ì
စင်္ကြံ	z ɪ́ ɴ d͡ʑ à ɴ
ပြင်	p j ɪ̀ ɴ
ရုပ်တု	j o ʊ ʔ t ṵ
ကျောက်ဖြူ	t͡ɕ a ʊ ʔ pʰ j ù
တိုကျို	t ò t͡ɕ ò
ကသည်း	k ə θ í
နမူနာ	n ə m ù n à
ခြား	t͡ɕʰ á
တစောင်း	d ə z á ʊ ɴ
ပြုံး	p j ó ʊ ɴ
အောင်ပွဲ	ʔ à ʊ ɴ b w ɛ́
ဆူရာနမ်	sʰ ù ɹ à n à ɴ
သရဖူ	θ ə ɹ ə pʰ ù
ထပ်တစ်ရာ	tʰ a ʔ t ə j à
နောက်ပြီး	n a ʊ ʔ p í
စောင့်	s a̰ ʊ ɴ
ယမမင်း	j ə m a̰ m ɪ́ ɴ
ကုန်းနှီး	k ó ʊ ɴ n̥ í
စုံဖက်	s ò ʊ ɴ pʰ ɛ ʔ
ဘာသာ	b à θ à
နို့သီး	n o̰ ð í
အမြဲတမ်း	ʔ ə m j ɛ́ d á ɴ
စော်ဘွား	s ɔ̀ b w á
နှင်းခဲ	n̥ ɪ́ ɴ ɡ ɛ́
ချေးထုပ်	t͡ɕʰ é tʰ o ʊ ʔ
ခြင်း	t͡ɕʰ ɪ́ ɴ
လိပ်ပြာ	l e ɪ ʔ p j à
တော	t ɔ́
ကြယ်သီး	t͡ɕ ɛ̀ θ í
တိုင်ဖွန်း	t à ɪ ɴ pʰ ʊ́ ɴ
ပဏ္ဍိတ	p à n d ḭ t a̰
ဇာတ်တော်	z à t
လိပ်ခေါင်းရောဂါ	l e ɪ ʔ ɡ á ʊ ɴ j ɔ́ ɡ à
လေချွန်	l è t͡ɕʰ ʊ̀ ɴ
တန်ဇေးနီးယား	t à ɴ z é n í j á
ကြိုး	t͡ɕ ó
ရောက်	j a ʊ ʔ
မိုးကုပ်စက်ဝိုင်း	m ó ɡ o ʊ ʔ s ɛ ʔ w á ɪ ɴ
ဒုတိယ	d ṵ t ḭ j a̰
ကို	k ò
နှလုံး	n̥ ə l ó ʊ ɴ
ဝေလငါး	w è l a̰ ŋ á
ရုပ်ပုံ	j o ʊ ʔ p ò ʊ ɴ
ကားဂိတ်	k á ɡ e ɪ ʔ
သမား	θ ə m á
အလှမ်း	ʔ ə l̥ á ɴ
ပန်းပု	b ə b ṵ
ဂရိ	ɡ ə ɹ ḭ
ဘလောက်	b a̰ l a ʊ ʔ
ဓာတ်ခွက်	d à t kʰ w ɛ ʔ
ဝဏ္ဏ	w ʊ̀ ɴ n a̰
အမျိုးသားစိတ်	ʔ ə m j ó ð á s e ɪ ʔ
အဲဒါဘာလဲ	ʔ ɛ́ d à b à l ɛ́
အသိ	ʔ ə θ ḭ
ကလောင်	k ə l à ʊ ɴ
အနန္တောအနန္တငါးပါး	ʔ ə n à ɴ d ɔ́ ʔ ə n d a̰ ŋ á p á
သားအိမ်	θ ə ʔ è ɪ ɴ
သင်္ကြန်	θ ɪ́ ɴ d͡ʑ à ɴ
မဟာပိန္နဲ	m ə h à p è ɪ ɴ n ɛ́
ခွင့်လွှတ်	kʰ w ɪ̰ ɴ l̥ ʊ ʔ
လူမျိုး	l ù m j ó
ဟို	h ò
သဒ္ဓါကြေး	θ ə d à t͡ɕ é
ဓာတ်ငွေ့	d a ʔ ŋ w ḛ
မွန်	m ʊ̀ ɴ
အပြီးသတ်	ʔ ə p j í ð a ʔ
ပဲငံပြာရည်	p ɛ́ ŋ à ɴ b j à j è
အားကိုး	ʔ á k ó
အချိုမှုန့်	ʔ ə t͡ɕʰ ò m̥ o̰ ʊ ɴ
လူဦးရေ	l ù ʔ ú j è
ဗန်းမော်	b á ɴ m ɔ̀
ဘက္ကဒီးအစ်	b ɛ ʔ k ə d í ʔ ɪ ʔ
ဘုံပိုင်	b ò ʊ ɴ b à ɪ ɴ
နိပော	n ḭ p ɔ́
ဘယ်တုန်းက	b ɛ̀ d ó ʊ ɴ ɡ a̰
အကောက်	ʔ ə k a ʊ ʔ
ကနုတ်	k ə n o ʊ ʔ
လူမှုကွန်ရက်	l ù m̥ ṵ k ʊ̀ ɴ j ɛ ʔ
သွန်းသွန်း	θ ʊ́ ɴ ð ʊ́ ɴ
သံဃာ	θ à ɴ ɡ à
ဘုန်း	pʰ ó ʊ ɴ
တောင်သူလယ်သမားနေ့	t à ʊ ɴ ð ù l ɛ̀ θ ə m á n ḛ
လိမ္မော်	l è ɪ ɴ m ɔ̀
တကွ	d ə ɡ w a̰
ဘောင်းဘီ	b á ʊ ɴ b ì
ဘော်ဒါကြေး	b ɔ̀ d à t͡ɕ é
ဝါသနာ	w à ð a̰ n à
ယောက္ခမ	j a ʊ ʔ kʰ ə m a̰
သမ္မတနိုင်ငံ	θ ə m ə d a̰ n à ɪ ɴ ŋ à ɴ
ဝိဇ္ဇာပညာ	w e ɪ ʔ z à p j ɪ̀ ɴ ɲ à
လစ်တန်စတိန်း	l ɪ ʔ t à ɴ s ə t é ɪ ɴ
ကင်းမြီးကောက်	k ɪ́ ɴ m j í ɡ a ʊ ʔ
စာမရီ	s à m a̰ j ì
အလား	ʔ ə l á
ရေကြီးခြင်း	j è t͡ɕ í d͡ʑ ɪ́ ɴ
ကြွက်နို့	t͡ɕ w ɛ ʔ n o̰
နမီးဘီးယား	n a̰ m í b í j á
သူဇာ	θ ù z à
ဗျည်း	b j í
ဖင်	pʰ ɪ̀ ɴ
ဝါ	w à
အလင်း	ʔ ə l ɪ́ ɴ
ဘရာဇီး	b ə ɹ à z í
စကြဝဠာ	s ɛ ʔ t͡ɕ à w ə l à
စတိုး	s ə t ó
အိမ်	ʔ è ɪ ɴ
ကိုယ်ဝန်ဆောင်	k ò j w ʊ̀ ɴ sʰ à ʊ ɴ
တိုဟူးသုပ်	t ò h ú θ o ʊ ʔ
မိုင်လို	m à ɪ ɴ l ò
ကရင်	k ə j ɪ̀ ɴ
ဗိုလ်ချုပ်ကြီး	b ò d͡ʑ o ʊ ʔ d͡ʑ í
ပွဲ	p w ɛ́
ကင်ဆာရောဂါ	k ɪ̀ ɴ sʰ à j ɔ́ ɡ à
ပိုးဟပ်ဖြူ	p ó h a ʔ pʰ j ù
ကုမ္ပဏီ	k ò ʊ ɴ p ə n ì
သစ်ပင်	θ ɪ ʔ p ɪ̀ ɴ
သျှမ်း	ʃ á ɴ
ဖြေ	pʰ j è
ဘီနင်	b ì n ɪ̀ ɴ
သားရေ	θ ə j è
ကြံ့လျော်	t͡ɕ a̰ ɴ ʃ ɔ̀
နန်းကြီး	n á ɴ t͡ɕ í
အာကာသ	ʔ à k à θ a̰
ဆယ့်နှစ်	sʰ ɛ̰ n̥ ɪ ʔ
တပ်မတော်နေ့	t a ʔ m ə d ɔ̀ n ḛ
သကြား	ð ə d͡ʑ á
ပူရီ	p ù j ì
ဝန်ကြီးချုပ်	w ʊ̀ ɴ d͡ʑ í d͡ʑ o ʊ ʔ
ကရိန်း	k ə ɹ é ɪ ɴ
မန္တန်	m à ɴ d à ɴ
ခရစ်	kʰ ə ɹ ɪ ʔ
အိပ်မက်	ʔ e ɪ ʔ m ɛ ʔ
နယ်	n ɛ̀
နှုတ်ခမ်း	n̥ o ʊ ʔ kʰ á ɴ
ပြတင်းပေါက်	b ə d ɪ́ ɴ b a ʊ ʔ
ပွဲတော်	p w ɛ́ d ɔ̀
အငြိမ့်	ʔ ə ɲ ḛ ɪ ɴ
ထဲ	tʰ ɛ́
ကျည်ကပ်	t͡ɕ ì ɡ a ʔ
ရေတံခွန်	j è d à ɡ ʊ̀ ɴ
နွားနို့ခေါက်ဆွဲ	n w á n o̰ kʰ a ʊ ʔ sʰ w ɛ́
သစ်ကြံပိုး	θ ɪ ʔ d͡ʑ ə b ó
ဖောင်	pʰ à ʊ ɴ
မိုး	m ó
အတာအိုး	ʔ ə t à ʔ ó
မေး	m é
အကျယ်	ʔ ə t͡ɕ ɛ̀
တည်	t ɛ̀
ဆွဆွ	sʰ w a̰ z w a̰
ကြေးကြီး	t͡ɕ é t͡ɕ í
ဌာန	tʰ à n a̰
လမ်းပြ	l á ɴ p j a̰
အစီအလျဉ်	ʔ ə s ì ʔ ə l j ɪ̀ ɴ
ပိုင်း	p á ɪ ɴ
ကြောင်	t͡ɕ à ʊ ɴ
အညစ်အကြေး	ʔ ə ɲ ɪ ʔ ʔ ə t͡ɕ é
ကောင်ငယ်	k à ʊ ɴ ŋ ɛ̀
အရင်းရှင်ဝါဒ	ʔ ə j ɪ́ ɴ ʃ ɪ̀ ɴ w à d a̰
ကျွန်မ	t͡ɕ ʊ̀ ɴ m a̰
နှင့်	n̥ ɪ̰ ɴ
နွယ်တာ	n w ɛ̀ t à
သစ်ပုပ်	θ ɪ ʔ p o ʊ ʔ
လပို့	l ə b o̰
အလံ	ʔ ə l à ɴ
ပွတ်	p ʊ ʔ
ကင်းမွန်	k ɪ́ ɴ m ʊ̀ ɴ
မြို့တော်ဝန်	m j o̰ d ɔ̀ w ʊ̀ ɴ
ဇီဝစက်	z ì w a̰ s ɛ ʔ
ကာယကံ	k à j ə ɡ à ɴ
ငတ်	ŋ a ʔ
သီတဂူ	θ ì d ə ɡ ù
မန်း	m á ɴ
တိုက်ပုံ	t a ɪ ʔ p ò ʊ ɴ
တရားစွဲ	t ə j á s w ɛ́
ရုံး	j ó ʊ ɴ
လေယာဉ်ပျံ	l è j ɪ̀ ɴ b j à ɴ
သမာသမတ်	θ ə m à θ ə m a ʔ
နေ	n è
နှင်းသီး	n̥ ɪ́ ɴ ð í
ကောင်စီ	k à ʊ ɴ s ì
စန္ဒြမာသ	s à ɴ d ɹ a̰ m à θ a̰
ဟိန္ဒူ	h è ɪ ɴ d ù
သန္ဓေသား	ð ə d è ð á
မယ်တော်	m ɛ̀ d ɔ̀
ပုဒ်	p o ʊ ʔ
ဖုန်းနံပါတ်	pʰ ó ʊ ɴ n à ɴ b a ʔ
ပြဿနာ	p j a ʔ θ ə n à
ပြည်သူပိုင်	p j ì ð ù b à ɪ ɴ
ဆန်း	sʰ á ɴ
အန္တာတိက	ʔ à ɴ t à t ḭ k a̰
ဂေါ်ဖီထုပ်	ɡ ɔ̀ b ì d o ʊ ʔ
ခြေဖနောင့်	t͡ɕʰ è b ə n a̰ ʊ ɴ
ချင်းသုပ်	d͡ʑ ɪ́ ɴ ð o ʊ ʔ
မုတ္ထမ	m o ʊ ʔ t ə m a̰
ဒေဝ	d è w a̰
ကျောက်နီ	t͡ɕ a ʊ ʔ n ì
ပျော့	p j ɔ̰
ပုစ္ဆာ	p o ʊ ʔ sʰ à
တော်လှန်ရေး	t ɔ̀ l̥ à ɴ j é
တိမ်	t è ɪ ɴ
သီရိ	θ ì ɹ ḭ
မီးခြစ်	m í d͡ʑ ɪ ʔ
ကြမ္မာ	t͡ɕ ə m à
ဆန်မာရီနို	sʰ à ɴ m à ɹ ì n ò
စပါး	z ə b á
ဆွဲ	sʰ w ɛ́
အစီရင်ခံစာ	ʔ ə s ì j ɪ̀ ɴ kʰ à ɴ z à
အကျိတ်	ʔ ə t͡ɕ e ɪ ʔ
ပတ်	p a ʔ
အိန္ဒိယ	ʔ è ɪ ɴ d ḭ j a̰
အရုပ်စာ	ʔ ə j o ʊ ʔ s à
ဂေါ်ရခါး	ɡ ɔ̀ j ə kʰ á
စဉ်းစား	s ɪ́ ɴ z á
အနုတ်လက္ခဏာ	ʔ ə n̥ o ʊ ʔ l ɛ ʔ kʰ ə n à
မိုးကုတ်	m ó k o ʊ ʔ
မျိုးချစ်စိတ်	m j ó t͡ɕʰ ɪ ʔ s e ɪ ʔ
ညီမ	ɲ ì m a̰
ဗုဒ္ဓဘာသာ	b o ʊ ʔ d a̰ b à θ à
ဘေးဆီးရန်ကာ	b é z í j à ɴ ɡ à
အသည်းနှလုံး	ʔ ə θ ɛ́ n̥ ə l ó ʊ ɴ
တခြား	t ə t͡ɕʰ á
ဝက်သား	w ɛ ʔ θ á
ဌေး	tʰ é
လည်လိမ်နာ	l ì l è ɪ ɴ n à
ကျောက်ပွင့်သုပ်	t͡ɕ a ʊ ʔ p w ɪ̰ ɴ θ o ʊ ʔ
သဏ္ဍာန်	θ ə d à ɴ
ဖရုံ	pʰ ə j ò ʊ ɴ
ပိုစတာ	p ò s ə t à
သမင်	θ ə m ɪ̀ ɴ
ကြောက်	t͡ɕ a ʊ ʔ
ထီးတင်	tʰ í t ɪ̀ ɴ
အဖျားဖြတ်ဆေး	ʔ a̰ pʰ j á pʰ j a ʔ sʰ é
ဖန်တီး	pʰ à ɴ d í
ငွေကြေး	ŋ w è t͡ɕ é
သရက်ရွက်	θ ə j ɛ ʔ j w ɛ ʔ
ခွေး	kʰ w é
ချဉ်	t͡ɕʰ ɪ̀ ɴ
ထင်	tʰ ɪ̀ ɴ
မော်စကို	m ɔ̀ s ə k ò
ဟော်	h ɔ̀
သည်းခြေ	θ í d͡ʑ è
စတေဒီယံ	s ə t è d ì j à ɴ
ဓာတ်လှေကား	d a ʔ l̥ è ɡ á
ဣရိယာပုတ်	ʔ ḭ ɹ ḭ j à b o ʊ ʔ
နိကာယ	n ḭ k à j a̰
ကွာလာလမ်ပူ	k w à l à l à ɴ p ù
တို့	d o̰
ကလာပ်စည်း	k ə l a ʔ s í
အဆောင်	ʔ ə sʰ à ʊ ɴ
ကာကွယ်ရေး	k à ɡ w ɛ̀ j é
ဂီနီ	ɡ ì n ì
ကွမ်းမွှေး	k ʊ́ ɴ m̥ w é
သရုပ်ဖော်	θ ə j o ʊ ʔ pʰ ɔ̀
လူသတ်မှု	l ù ð a ʔ m̥ ṵ
ပစ်	p j ɪ ʔ
သမင်မ	θ ə m ɪ̀ ɴ m a̰
ပကောဋိ	p ə k ɔ́ d ḭ
အလျင်	ʔ ə l j ɪ̀ ɴ
လျှာနာခွာနာ	ʃ à n à kʰ w à n à
လေအေးစက်	l è ʔ é z ɛ ʔ
ဈမျဉ်းဆွဲ	z a̰ m j ɪ́ ɴ z w ɛ́
ဆွာဇီလန်	sʰ w à z ì l à ɴ
ရွှေ	ʃ w è
ရှလပတ်ရည်	ʃ a̰ l ə p a ʔ j è
ဝါဏိဇ္ဇဗေဒ	w à n e ɪ ʔ z a̰ b è d a̰
ယောက်	j a ʊ ʔ
ဝိဟာရ	w ḭ h à j a̰
ယမ်းတောင့်	j á ɴ d a̰ ʊ ɴ
အစ်မ	ʔ ə m a̰
အစားအစာ	ʔ ə s á ʔ ə s à
ဆဋ္ဌမ	sʰ a ʔ tʰ ə m a̰
အနက်	ʔ ə n ɛ ʔ
ဇာတ်	z a ʔ
လျှာရည်	ʃ à j ì
ဘီ	b ì
ဒိုင်ခွက်	d à ɪ ɴ ɡ w ɛ ʔ
ချည်လုံး	t͡ɕʰ ì l ó ʊ ɴ
ကြွေ	t͡ɕ w è
ခုခံအားကျရောဂါ	kʰ ṵ ɡ à ɴ ʔ á t͡ɕ a̰ j ɔ́ ɡ à
ဝံပုလွေ	w ʊ̀ ɴ b ə l w è
အမိန့်	ʔ ə m ḛ ɪ ɴ
ဇာတ်ညွှန်း	z à t ɲ̊ ʊ́ ɴ
မြန်မာ	m j à ɴ m à
မှန်စီရွှေချ	m̥ à ɴ z ì ʃ w è t͡ɕʰ a̰
ဘင်	b ɪ̀ ɴ
ဝါသနာရှင်	w à ð ə n à ʃ ɪ̀ ɴ
ပလိပ်	p ə l e ɪ ʔ
သခွားမသီး	θ ə kʰ ə m a̰ ð í
ရာဇဝတ်ကောင်	j à z ə w ʊ ʔ k à ʊ ɴ
မီး	m í
ယဲ့ယဲ့	j ɛ̰ j ɛ̰
အကျဉ်း	ʔ ə t͡ɕ ɪ́ ɴ
ငါးမျှားတံ	ŋ ə m̥ j á d à ɴ
ဒေတာဘေ့စ်	d è t à b ḛ s
အချင်း	ʔ ə t͡ɕʰ ɪ́ ɴ
ပင့်	p ɪ̰ ɴ
ညောင်ဗောဓိ	ɲ à ʊ ɴ b ɔ́ d ḭ
မြှောက်	m̥ j a ʊ ʔ
ချင်းမိုင်	t͡ɕʰ ɪ́ ɴ m à ɪ ɴ
ဒုက္ခသည်	d o ʊ ʔ kʰ a̰ ð è
ဘန်ကောက်	b à ɴ k a ʊ ʔ
အတာ	ʔ ə t à
တိုဟူးနွေး	t ò h ú n w é
အုတ်ကြွပ်	ʔ o ʊ ʔ t͡ɕ ʊ ʔ
ဈေးနှုန်း	z é n̥ ó ʊ ɴ
သင်္ဘောကြမ်း	θ ɪ̀ ɴ b ɔ́ d͡ʑ á ɴ
မုန်လာဥ	m ò ʊ ɴ l à ʔ ṵ
ထူထဲ	tʰ ù d ɛ́
ကိုဘော့	k ò b ɔ̰
လက်သမား	l ɛ ʔ θ a̰ m á
ပိုက်သမား	p a ɪ ʔ θ ə m á
အမယ်	ʔ ə m ɛ̀
မိဘ	m ḭ b a̰
အရှင်ဘုရား	ʔ ə ʃ ɪ̀ ɴ pʰ ə j á
ကာမ	k à m a̰
စကြာဝဠာဗေဒ	s ɛ ʔ t͡ɕ à w ə l à b è d a̰
သလွဲ	θ ə l w ɛ́
ထောင့်	d a̰ ʊ ɴ
သည်	θ è
ပန်းခုနစ်မည်	p á ɴ kʰ ə n ə m j ì
ကြောင်ကလေး	t͡ɕ à ʊ ɴ ɡ ə l é
မုန့်လက်ဆောင်း	m o̰ ʊ ɴ l ɛ ʔ sʰ á ʊ ɴ
လက်တင်အမေရိက	l ɛ ʔ t ɪ̀ ɴ ʔ ə m è ɹ ḭ k a̰
မိန်းကလေး	m é ɪ ɴ ɡ ə l é
ဗောဓိညောင်	b ɔ́ d ḭ ɲ à ʊ ɴ
ကာယပညာ	k à j a̰ p a̰ ɲ à
ပြတိုက်	p j a̰ d a ɪ ʔ
စက္ကရီတေရီ	s ɛ ʔ k ə ɹ ì t è j ì
ထမင်း	tʰ ə m ɪ́ ɴ
ကြွင်း	t͡ɕ w ɪ́ ɴ
ထာဝရဥစ္စာ	tʰ à w ə j a̰ ʔ o ʊ ʔ s à
အာလူး	ʔ à l ú
တည်	t ì
တံဆိပ်ခေါင်း	d ə z e ɪ ʔ ɡ á ʊ ɴ
ဇာနည်	z à n ì
အမြှောက်လက္ခဏာ	ʔ ə m̥ j a ʊ ʔ l ɛ ʔ kʰ ə n à
အပေါင်းလက္ခဏာ	ʔ ə p á ʊ ɴ l ɛ ʔ kʰ ə n à
လေးထောင့်	l é d a̰ ʊ ɴ
ဟိုက်ဒရိုဂျင်	h a ɪ ʔ d ə ɹ ò d͡ʑ ɪ̀ ɴ
လုပ်အား	l o ʊ ʔ ʔ á
မြင်းဆေး	m j ɪ́ ɴ z é
ယောဇနာ	j ɔ́ z ə n à
မီးသွေး	m í ð w é
ဗောဓိသတ်	b ɔ́ d ḭ θ a ʔ
ဥဏှဂူ	ʔ ò ʊ ɴ n̥ ə ɡ ù
မီးပြတိုက်	m í b j a̰ d a ɪ ʔ
ဘူတာရုံ	b ù d à j ò ʊ ɴ
နာရီဝက်	n à j ì w ɛ ʔ
ဦးခွံ	ʔ ú ɡ ʊ̀ ɴ
သော	θ ɔ́
အဖေ	ʔ ə pʰ è
မဒါဂတ်စကား	m a̰ d à ɡ a ʔ s ə k á
လီတာ	l ì t à
လျှပ်	l̥ j a ʔ
မျည်းတံ	m j í d à ɴ
ဘိုလီးဗီးယား	b ò l í b í j á
ဆွမ်း	sʰ ʊ́ ɴ
တဆယ်	t ə z ɛ̀
လှလှ	l̥ a̰ l̥ a̰
ဘူးသီး	b ú θ í
မြ	m j a̰
ကြာသပတေး	t͡ɕ à θ a̰ p a̰ d é
ဝက်သားတုတ်ထိုး	w ɛ ʔ θ á d o ʊ ʔ tʰ ó
ခရမ်းချဉ်	kʰ ə j á ɴ d͡ʑ ɪ̀ ɴ
ငို	ŋ ò
နန်း	n á ɴ
ပဒေသာ	b ə d è ð à
နှေး	n̥ é
ဒုက္ခ	d o ʊ ʔ kʰ a̰
စအို	s ə ʔ ò
ခြေဖဝါး	t͡ɕʰ è b ə w á
အတွင်း	ʔ ə t w ɪ́ ɴ
တိုး	t ó
ပါဆယ်	p à sʰ ɛ̀
ကျယ်	t͡ɕ ɛ̀
လျှာ	ʃ à
ရေမြင်း	j è m j ɪ́ ɴ
စာအုပ်	s à ʔ o ʊ ʔ
မီးသင်္ဘော	m í θ ɪ̀ ɴ b ɔ́
မဏ္ဍပ်	m á ɴ d a ʔ
မြုံ	m j ò ʊ ɴ
ဧကာဒသမ	ʔ è k à d a̰ θ ə m a̰
ကြောင်မ	t͡ɕ à ʊ ɴ m a̰
ခမည်းတော်	kʰ ə m í d ɔ̀
သံတမန်	θ à ɴ t ə m à ɴ
ဒစ္စကို	d ɪ ʔ s a̰ k ò
မီးဖို	m í pʰ ò
လုံချည်	l ò ʊ ɴ d͡ʑ ì
ဗေဒ	b è d a̰
ချေ	d͡ʑ è
ဘောလုံး	b ɔ́ l ó ʊ ɴ
လည်	l è
ပင်လယ်ဓားပြ	p ɪ̀ ɴ l ɛ̀ d ə m j a̰
ဗြာဟ္မဏ	b j à h m a̰ n a̰
ပဲ	p ɛ́
ချွန်ထက်	t͡ɕʰ ʊ̀ ɴ tʰ ɛ ʔ
ကပွဲရုံ	k a̰ b w ɛ́ j ò ʊ ɴ
ဂရပ်	ɡ ə ɹ a ʔ
တိပိဋက	t ḭ p ḭ t ə k a̰
နီတိ	n ì t ḭ
မျက်ခုံး	m j ɛ ʔ kʰ ó ʊ ɴ
ဝါး	w á
ချပါတီ	t͡ɕʰ ə p à t ì
ဓားစာခံ	d ə z à ɡ à ɴ
ဒဏ်	d à n
အထုံးအဖွဲ့	ʔ ə tʰ ó ʊ ɴ ʔ ə pʰ w ɛ̰
ဥတု	ʔ ṵ d ṵ
ထောင်	tʰ à ʊ ɴ
အဓိပ္ပါယ်	ʔ ə d e ɪ ʔ b ɛ̀
သစ်ကတိုး	θ ɪ ʔ ɡ ə d ó
ခဲ	kʰ ɛ́
ဗြိတိသျှ	b ə ɹ ḭ t ḭ ʃ a̰
ငှက်ဆိုး	ŋ̊ ɛ ʔ sʰ ó
အလုပ်လုပ်	ʔ ə l o ʊ ʔ l o ʊ ʔ
အသုပ်စုံ	ʔ ə θ o ʊ ʔ s ò ʊ ɴ
အချစ်	ʔ ə t͡ɕʰ ɪ ʔ
အိုး	ʔ ó
အမှုန့်	ʔ ə m̥ o̰ ʊ ɴ
ကြာဆံ	t͡ɕ à z à ɴ
ပါကစ္စတန်	p à k ɪ ʔ s ə t à ɴ
ပန်းထိမ်	b ə d è ɪ ɴ
လှောက်	l̥ a ʊ ʔ
စို	s ò
ဖင်လန်	pʰ ɪ̀ ɴ l à ɴ
ရွာ	j w à
မျှို့	m̥ j o̰
အာရာမ	ʔ à j à m a̰
မှန်ဘီလူး	m̥ à ɴ b ə l ú
သန်းခေါင်	ð ə ɡ à ʊ ɴ
တိုက်	t a ɪ ʔ
နိုင်ငံသား	n à ɪ ɴ ŋ à ɴ ð á
စောက်	s a ʊ ʔ
သုသာန်	θ o ʊ ʔ θ à ɴ
ဟင်းသီးဟင်းရွက်	h ɪ́ ɴ ð í h ɪ́ ɴ j w ɛ ʔ
သွေး	θ w é
ကုလား	k ə l á
နှာခေါင်း	n̥ ə kʰ á ʊ ɴ
ဇယား	z ə j á
ကနစိုး	k ə n ə z ó
ကူးစက်ရောဂါ	k ú z ɛ ʔ j ɔ́ ɡ à
တယ်လီဗီးရှင်း	t ɛ̀ l ì b í ʃ ɪ́ ɴ
ပြိတ္တာ	p j e ɪ ʔ t à
နွေရာသီ	n w è j à ð ì
မိနစ်	m ḭ n ɪ ʔ
မြို့တော်	m j o̰ d ɔ̀
သုဒ္ဓေါဒန	θ ù d d ɔ́ d ə n a̰
အရုပ်	ʔ ə j o ʊ ʔ
လှည်း	l̥ ɛ́
ကိုယ်ဝန်ရှိ	k ò j w ʊ̀ ɴ ʃ ḭ
ကြက်ဟင်းခါးသီး	t͡ɕ ɛ ʔ h ɪ́ ɴ ɡ á ð í
ရဿ	ɹ a ʔ θ a̰
ပေါ်လစီ	p ɔ̀ l ə s ì
ဆလတ်	sʰ ə l a ʔ
နေစကြဝဠာ	n è s ɛ ʔ t͡ɕ à w ə l à
စားဖိုဆောင်	s ə pʰ ò z à ʊ ɴ
ထွန်း	tʰ ʊ́ ɴ
ဝိဇ္ဇာဘွဲ့	w e ɪ ʔ z à b w ɛ̰
ဟောင်း	h á ʊ ɴ
အမည်း	ʔ ə m ɛ́
ငြာ	ɲ à
အမေရိကန်ပြည်ထောင်စု	ʔ ə m è ɹ ḭ k à ɴ p j ì d à ʊ ɴ z ṵ
ဘု	b ṵ
မုန်ညင်းဖြူ	m ò ʊ ɴ ɲ ɪ́ ɴ pʰ j ù
စစ်ကဲ	s ɪ ʔ k ɛ́
သရီရ	θ ə ɹ ì ɹ a̰
ဥပုသ်	ʔ ṵ b o ʊ ʔ
နှော	n̥ ɔ́
အဖို	ʔ ə pʰ ò
အဲဒီဟာ	ʔ ɛ́ d ì h à
ပြန်လှန်	p j à ɴ l̥ à ɴ
ဆပ်သွားဖူး	sʰ a ʔ θ w á pʰ ú
မြား	m̥ j á
ခေါင်း	kʰ á ʊ ɴ
ဗမာ	b ə m à
ခဲယဉ်း	kʰ ɛ́ j ɪ́ ɴ
သရ	θ ə ɹ a̰
ပရိသတ်	p ə j e ɪ ʔ θ a ʔ
ပေါင်မုန့်	p à ʊ ɴ m o̰ ʊ ɴ
ပခုက္ကူ	p ə kʰ ù k k ù
ဗန်တို	b à ɴ d ò
ဗိုလ်မှူးကြီး	b ò m̥ ú d͡ʑ í
ရေတပ်	j è d a ʔ
သံအမတ်	θ à ɴ ʔ ə m a ʔ
မုန့်လုံးရေပေါ်	m o̰ ʊ ɴ l ó ʊ ɴ j è b ɔ̀
ကမ်းခြေ	k á ɴ d͡ʑ è
စီဒီ	s ì d ì
နေရာ	n è j à
ယောက်ျား	j a ʊ ʔ t͡ɕ á
ဝသန္တ	w a̰ θ à ɴ t a̰
ဝါဂွမ်း	w à ɡ w á ɴ
လီသီယမ်	l ì θ ì j à ɴ
ဝင်	w ɪ̀ ɴ
ချစ်တီး	t͡ɕʰ ɪ ʔ t í
ဆေးပေါ့လိပ်	sʰ é b ɔ̰ l e ɪ ʔ
စားတော်ဆက်	s á d ɔ̀ sʰ ɛ ʔ
ဘီယာ	b ì j à
အာဟာရ	ʔ à h à j a̰
သုဒ္ဒကိန်း	θ o ʊ ʔ d a̰ k é ɪ ɴ
တွင်	t w ɪ̀ ɴ
ကြေးအိုး	t͡ɕ é ʔ ó
ဝပ်	w a ʔ
လောလော	l ɔ́ l ɔ́
မလုပ်တာနီ	m ə l o ʊ ʔ t à n ì
မန္တလေး	m à ɴ d ə l é
ပဲပိုးတီ	p ɛ́ p ó d ì
မဂ္ဂင်ရှစ်ပါး	m ɛ ʔ ɡ ɪ̀ ɴ ʃ ɪ ʔ b á
ကော်ပြန့်ကြော်	k ɔ̀ p j a̰ ɴ d͡ʑ ɔ̀
အင်္ဂတေ	ʔ ɪ̀ ɴ ɡ ə d è
ရိုက်	j a ɪ ʔ
နင်	n ɪ̀ ɴ
ခံယူချက်	kʰ à ɴ j ù d͡ʑ ɛ ʔ
ရဲသား	j ɛ́ ð á
ပန်းတဉ်း	b ə d ɪ́ ɴ
သင်ခန်းစာ	θ ɪ̀ ɴ ɡ á ɴ z à
ကဝိ	k ə w ḭ
ဖျောက်ဆိပ်	pʰ j a ʊ ʔ sʰ e ɪ ʔ
ကနေဒါ	k a̰ n è d à
ဆပ္ပတ်	sʰ a ʔ p a ʔ
အမြန်	ʔ ə m j à ɴ
လက်သည်	l ɛ ʔ θ ɛ̀
တစ်ရာ	t ə j à
ချောင်း	t͡ɕʰ á ʊ ɴ
ဆွေခုနစ်ဆက်မျိုးခုနစ်ဆက်	sʰ w è kʰ ə n ə z ɛ ʔ m j ó kʰ ə n ə z ɛ ʔ
ထောပတ်ထမင်း	tʰ ɔ́ b a ʔ tʰ ə m ɪ́ ɴ
တင်	t ɪ̀ ɴ
ဥပဒေပညာ	ʔ ṵ b ə d è p j ɪ̀ ɴ ɲ à
ဟင်္သာ	h ɪ́ ɴ θ à
တောင်အာဖရိက	t à ʊ ɴ ʔ à pʰ ə ɹ ḭ k a̰
အဖြူ	ʔ ə pʰ j ù
လက်နက်	l ɛ ʔ n ɛ ʔ
ဝိညာဉ်	w è ɪ ɴ ɲ ɪ̀ ɴ
ပွိုင့်	p w a̰ ɪ ɴ
မြစ်ကြီးနား	m j ɪ ʔ t͡ɕ í n á
သံ့သံ့	θ a̰ ɴ ð a̰ ɴ
အိပ်ရာ	ʔ e ɪ ʔ j à
ဘလိဇ်	b ə l ì z
ပုတ်သင်ညို	p o ʊ ʔ θ ɪ̀ ɴ ɲ ò
ဦးကြီး	ʔ ú d͡ʑ í
ပက်ကျိ	p ɛ ʔ t͡ɕ ḭ
ဈေး	z é
ခွေးရူးပြန်ရောဂါ	kʰ w é j ú b j à ɴ j ɔ́ ɡ à
ခရမ်း	kʰ ə j á ɴ
မွန်ဂိုးလီးယား	m ʊ̀ ɴ ɡ ó l í j á
အသိပညာရှင်	ʔ ə θ ḭ p j ɪ̀ ɴ ɲ à ʃ ɪ̀ ɴ
ကံသုံးပါး	k à ɴ θ ó ʊ ɴ b á
နို့	n o̰
ဒိုင်ယာရီ	d à ɪ ɴ j ə ɹ ì
အဖျား	ʔ ə pʰ j á
ရုပ်မြင်သံကြား	j o ʊ ʔ m j ɪ̀ ɴ θ à ɴ d͡ʑ á
ကြေးငွေ	t͡ɕ é ŋ w è
ပညာဗလ	p j ɪ̀ ɴ ɲ à b ə l a̰
စားချဉ့်ပြန်	s ə t͡ɕʰ ɪ̰ ɴ p j à ɴ
ပို	p ò
စာသင်ခန်း	s à θ ɪ̀ ɴ ɡ á ɴ
အခြေ	ʔ ə t͡ɕʰ è
ရေနံချောင်း	j è n à ɴ t͡ɕʰ á ʊ ɴ
ကာလသားရောဂါ	k à l a̰ θ á j ɔ́ ɡ à
ပန်းချီ	b ə d͡ʑ ì
ကူဝိတ်	k ù w e ɪ ʔ
အခွင့်	ʔ ə kʰ w ɪ̰ ɴ
ကျိုက်ထို	t͡ɕ a ɪ ʔ tʰ ò
ကန္တာရ	k à ɴ t à j a̰
ဒါပေမဲ့	d à b è m ɛ̰
ဗိုင်းရပ်စ်	b á ɪ ɴ ɹ a ʔ s
ပဋိသန္ဓေ	p ə d ḭ θ à ɴ d è
စူးစူး	s ú z ú
ဇွန်း	z ʊ́ ɴ
အရှေ့	ʔ ə ʃ ḛ
ကော	k ɔ́
လေလည်	l è l è
မိတ်ဆွေ	m e ɪ ʔ sʰ w è
ကျောက်စိမ်း	t͡ɕ a ʊ ʔ s é ɪ ɴ
ဇကွဲ	z a̰ ɡ w ɛ́
ဝစ်ရှင်နရီ	w ɪ ʔ ʃ ɪ̀ ɴ n ə ɹ ì
ရဲ	j ɛ́
ခရစ်တော်	kʰ ə ɹ ɪ ʔ t ɔ̀
ရိုးရာအမည်	j ó j à ʔ ə m j ì
သီတင်းကျွတ်	ð ə d ɪ́ ɴ d͡ʑ ʊ ʔ
သားလှောင်	θ á l̥ à ʊ ɴ
သူလျှို	ð ə ʃ ò
ချေ	d͡ʑ ì
မဟာမိတ်	m ə h à m e ɪ ʔ
လည်း	l í
မူလတန်း	m ù l a̰ t á ɴ
ပုန်းရည်ကြီး	p ó ʊ ɴ j è d͡ʑ í
လယ်ထွန်မင်္ဂလာ	l ɛ̀ tʰ ʊ̀ ɴ m ɪ̀ ɴ ɡ ə l à
စုန်း	s ó ʊ ɴ
ရှမ်းခေါက်ဆွဲ	ʃ á ɴ kʰ a ʊ ʔ sʰ w ɛ́
ကောင်းကင်တမန်	k á ʊ ɴ ɡ ɪ̀ ɴ t ə m à ɴ
စန္ဒီ	s à ɴ d ì
ပန်းပွတ်	b ə b ʊ ʔ
ဟိတ်	h e ɪ ʔ
အုန်း	ʔ ó ʊ ɴ
မနုဿဗေဒ	m ə n o ʊ ʔ θ a̰ b è d a̰
ပူဇော်	p ù z ɔ̀
ချည်	t͡ɕʰ ì
လောင်စာ	l à ʊ ɴ z à
ငါ	ŋ à
ကတ္တား	k a ʔ t á
မြေးမ	m j é m a̰
စိန်ဖြူ	s è ɪ ɴ pʰ j ù
ငါးရံ့	ŋ ə j a̰ ɴ
ရောဂါဗေဒ	j ɔ́ ɡ à b è d a̰
အယ်လ်ဂျီးရီးယား	ʔ ɛ̀ l d͡ʑ í ɹ í j á
ပွား	p w á
ထွေး	tʰ w é
စကားလုံး	z ə ɡ ə l ó ʊ ɴ
အပြာမယ်	ʔ ə p j à m ɛ̀
ပဌမ	p a̰ tʰ a̰ m a̰
ဓာတ်အိုး	d a ʔ ʔ ó
အဖွဲ့	ʔ ə pʰ w ɛ̰
ကြေး	t͡ɕ é
မံသ	m à ɴ θ a̰
အခြောက်	ʔ ə t͡ɕʰ a ʊ ʔ
ပတ်စပို့	p a ʔ s ə p o̰
စိမ်းစားဥ	s é ɪ ɴ z á ʔ ṵ
သိထိလ	θ ḭ tʰ ḭ l a̰
ကောင်း	k á ʊ ɴ
ပါးဟက်	p ə h ɛ ʔ
မဏိပူရ	m ə n ḭ p ù j a̰
ဂျင်	d͡ʑ ɪ̀ ɴ
အရောင်	ʔ ə j à ʊ ɴ
ယူ	j ù
ကျွဲ	t͡ɕ w ɛ́
ကြိုးကြာ	d͡ʑ ó d͡ʑ à
အာကာသစိုး	ʔ à k à θ a̰ z ó
ကလပ်	k ə l a ʔ
ကေသ	k è θ a̰
ခြတောင်ပို့	t͡ɕʰ a̰ t à ʊ ɴ b o̰
ဘယ်	b ɛ̀
သဘော	ð ə b ɔ́
ခဲအို	kʰ ɛ́ ʔ ò
ယာဉ်မောင်း	j ɪ̀ ɴ m à ʊ ɴ
ကံကြမ္မာ	k à ɴ t͡ɕ ə m à
ရင်ပြင်	j ɪ̀ ɴ b j ɪ̀ ɴ
ယုံ	j ò ʊ ɴ
တီထွင်မှု	t ì tʰ w ɪ̀ ɴ m̥ ṵ
ရန်သူ	j à ɴ ð ù
လမ်းဘေးဆိုင်	l á ɴ b é z à ɪ ɴ
ထို	tʰ ò
ဝလာဟကမြင်း	w ə l à h ə k a̰ m j ɪ́ ɴ
မိုက်	m a ɪ ʔ
ကြက်သား	t͡ɕ ɛ ʔ θ á
နှင်း	n̥ ɪ́ ɴ
ကျူးဘား	k j ú b á
ညီမျှခြင်း	ɲ ì m̥ j a̰ d͡ʑ ɪ́ ɴ
ဘင်း	b ɪ́ ɴ
ဇာတ်ရုံ	z a ʔ j ò ʊ ɴ
စီးကလိပ်	s í k ə l e ɪ ʔ
သစ်ကုလားအုတ်	θ ɪ ʔ k ə l ə ʔ o ʊ ʔ
ကွဲ	k w ɛ́
မုဒြာ	m ṵ d ɹ à
မဟာဝင်	m ə h à w ɪ̀ ɴ
ဥုံ	ʔ ò ʊ ɴ
သဒ္ဒဗေဒ	θ a ʔ d a̰ b è d a̰
သတ္တုစပ်	θ a ʔ t ṵ z a ʔ
တေသံ	t è ð à ɴ
တပ်ကြပ်	t a ʔ t͡ɕ a ʔ
ဆောက်	sʰ a ʊ ʔ
ယာယီ	j à j ì
ခရိုင်	kʰ ə j à ɪ ɴ
ဆိုင်း	sʰ á ɪ ɴ
ဇာတ်ကား	z a ʔ k á
တောင်းပန်	t á ʊ ɴ b à ɴ
ဓာတ်ကြီးလေးပါး	d à t t͡ɕ í l é p á
မတ်ခွက်	m a ʔ kʰ w ɛ ʔ
ရွှံ့ပွက်	ʃ ʊ̰ ɴ b w ɛ ʔ
ခရမ်းသီး	kʰ ə j á ɴ θ í
ကြည်	t͡ɕ ɪ̀ ɴ
ဘယ်လ်ဂျီယမ်	b ɛ̀ l d͡ʑ ì j à ɴ
အစ	ʔ ə s a̰
ဒီဃ	d ì ɡ a̰
အာဇာနည်နေ့	ʔ à z à n ì n ḛ
ဥမ္မာ	ʔ ṵ m m à
ချဲ့ချဲ့	t͡ɕʰ ɛ̰ d͡ʑ ɛ̰
အပ်ချည်	ʔ a ʔ t͡ɕʰ ì
ရဲဘော်	j ɛ́ b ɔ̀
အာရုံကြော	ʔ à j ò ʊ ɴ d͡ʑ ɔ́
ပိုက်	p a ɪ ʔ
အရီး	ʔ ə j í
အပြာကား	ʔ a̰ p j à k á
ဉာဏ်	ɲ à n
ညှာ	ɲ̊ à
အဆီ	ʔ ə sʰ ì
အလုပ်	ʔ ə l o ʊ ʔ
ဓာတ်ပြား	d a ʔ p j à
စက်သုံးဆီဆိုင်	s ɛ ʔ θ ó ʊ ɴ sʰ ì sʰ à ɪ ɴ
တူရကီ	t ù ɹ ə k ì
အက်စတိုးနီးယား	ʔ ɛ ʔ s ə t ó n í j á
စွန်	s ʊ̀ ɴ
အာမခံ	ʔ à m a̰ ɡ à ɴ
အချို	ʔ ə t͡ɕʰ ò
သဝဏ်လွှာ	θ ə w ʊ̀ ɴ l̥ w à
ဒဿနဗေဒ	d a̰ θ ə n a̰ b è d a̰
အတွင်းတာရာ	ʔ ə t w ɪ́ ɴ t à j à
လျှပ်စစ်ဓာတ်	l̥ j a ʔ s ɪ ʔ d a ʔ
ခေါပျဉ်	kʰ ɔ́ b j ɪ̀ ɴ
ကျောက်ဖရုံ	t͡ɕ a ʊ ʔ pʰ ə j ò ʊ ɴ
ပြည်ကြီးငါး	p j ì d͡ʑ í ŋ á
ဝိတိုရိယ	w ḭ t ò j ḭ j a̰
နေရာထိုင်ခင်း	n è j à tʰ à ɪ ɴ ɡ ɪ́ ɴ
လွတ်လပ်	l ʊ ʔ l a ʔ
ခ္ယီလီ	t͡ɕʰ ì l ì
စတုတ္ထ	z ə d o ʊ ʔ tʰ a̰
ယူရို	j ù ɹ ò
ယုတ္တိ	j o ʊ ʔ t ḭ
ရခိုင်	j ə kʰ à ɪ ɴ
ဆီးချုပ်ရောဂါ	sʰ í d͡ʑ o ʊ ʔ j ɔ́ ɡ à
ဘိုင်စကုတ်	b à ɪ ɴ s ə k o ʊ ʔ
ဘတ်စ်ကား	b a ʔ s ə k á
သန်တူ	θ à ɴ t ù
ဝိုက်ချ	w a ɪ ʔ t͡ɕʰ a̰
ပေး	p é
အင်္ဂါ	ʔ ɪ̀ ɴ ɡ à
ခြေစွပ်	t͡ɕʰ è z ʊ ʔ
ရုပ်ရှင်	j o ʊ ʔ ʃ ɪ̀ ɴ
သေတ္တာ	θ ɪ ʔ t à
ထူ	tʰ ù
နှောင်း	n̥ á ʊ ɴ
သစ်သစ်	θ ɪ ʔ θ ɪ ʔ
ဝက်သားမျှစ်ချဉ်	w ɛ ʔ θ á m̥ j ɪ ʔ t͡ɕʰ ɪ̀ ɴ
ပုံတူကား	p ò ʊ ɴ d ù k á
နှာခေါင်းပေါက်	n̥ ə kʰ á ʊ ɴ b a ʊ ʔ
ဖြည်းဖြည်း	pʰ j é b j é
ဥရုဂ္ဝေး	ʔ ṵ ɹ ù ɡ w é
အလီ	ʔ ə l ì
ပိဿာ	p e ɪ ʔ θ à
လှုပ်ရှား	l̥ o ʊ ʔ ʃ á
မြန်	m j à ɴ
ယိုးဒယား	j ó d ə j á
ရင်ဘတ်	j ɪ̀ ɴ b a ʔ
ပန်းသီး	p á ɴ ð í
တတိယ	t a̰ t ḭ j a̰
အောက်	ʔ a ʊ ʔ
မောရစ်ရှ	m ɔ́ ɹ ɪ ʔ ʃ a̰
ခဲ့	kʰ ɛ̰
ရာဇဌာန်	ɹ à z ə tʰ à n
သီအိုရီ	θ ì ʔ ò ɹ ì
အိုဗာတင်း	ʔ ò b à t ɪ́ ɴ
ဝက်ဘ်ဆိုဒ်	w ɛ ʔ b sʰ a ɪ ʔ
ညို	ɲ ò
ခွန်	kʰ ʊ̀ ɴ
အမြှုပ်	ʔ ə m̥ j o ʊ ʔ
လက်ဖက်	l ɛ ʔ pʰ ɛ ʔ
ချောကလက်	t͡ɕʰ ɔ́ k ə l ɛ ʔ
ဥပရာဇာ	ʔ ṵ p ə ɹ à z à
လက်သုပ်စုံ	l ɛ ʔ θ o ʊ ʔ s ò ʊ ɴ
ရတု	j a̰ t ṵ
ကြာဆံသုပ်	t͡ɕ à z à ɴ θ o ʊ ʔ
တဆေး	t ə sʰ é
လယ်ပြင်	l ɛ̀ b j ɪ̀ ɴ
မူလီ	m ù l ì
အမြဲ	ʔ ə m j ɛ́
ခဏခဏ	kʰ ə n a̰ ɡ ə n a̰
ဝေဿ	w ɪ ʔ θ a̰
ဆံပင်	z ə b ɪ̀ ɴ
မတော်တဆမှု	m ə t ɔ̀ t ə sʰ a̰ m̥ ṵ
ရေတွင်း	j è d w ɪ́ ɴ
ကျိုင်းတုံ	t͡ɕ á ɪ ɴ t ò ʊ ɴ
ဦလန်ဘာတာ	ʔ ù l à ɴ b à t à
ချင်း	t͡ɕʰ ɪ́ ɴ
လင်	l ɪ̀ ɴ
မဲဆောက်	m ɛ́ sʰ a ʊ ʔ
ကူဖီ	k ù pʰ ì
ဇန်နဝါရီ	z à ɴ n ə w à ɹ ì
အိမ်သာ	ʔ è ɪ ɴ ð à
နပန်း	n ə b á ɴ
ခါးပတ်	ɡ ə b a ʔ
ဗီရို	b ì j ò
ပန်ကာ	p à ɴ k à
ပယောဂ	p ə j ɔ́ ɡ a̰
အတူ	ʔ ə t ù
သွားပွတ်တံ	ð ə b ʊ ʔ d à ɴ
မေ့	m ḛ
မော်လတာ	m ɔ̀ l ə t à
အသုံး	ʔ ə θ ó ʊ ɴ
မင်းကြီး	m ɪ́ ɴ d͡ʑ í
အပြင်	ʔ ə p j ɪ̀ ɴ
လှိုင်း	l̥ á ɪ ɴ
သတ္တုတွင်း	θ a ʔ t ṵ d w ɪ́ ɴ
ခြင်	t͡ɕʰ ɪ̀ ɴ
ကြွက်သား	t͡ɕ w ɛ ʔ θ á
ဆာမူရိုင်း	sʰ à m ù ɹ á ɪ ɴ
အပြော	ʔ ə p j ɔ́
ဗညား	b ə ɲ á
နိုင်ငံတော်သီချင်း	n à ɪ ɴ ŋ à ɴ d ɔ̀ θ ə t͡ɕʰ ɪ́ ɴ
ဂျော်နီ	d͡ʑ ɔ̀ n ì
ညာ	ɲ à
သိပ္ပံဘွဲ့	θ e ɪ ʔ p à ɴ b w ɛ̰
ဗိုလ်လောင်း	b ò l á ʊ ɴ
နွားမ	n ə m a̰
မစင်	m a̰ s ɪ̀ ɴ
ကျေးဇူး	t͡ɕ é z ú
သစ်တော	θ ɪ ʔ t ɔ́
ချစ်သူ	t͡ɕʰ ɪ ʔ θ ù
ရင်းရဲ	j ɪ́ ɴ j ɛ́
မဟာ	m a̰ h à
စီး	s í
အဲဒါ	ʔ ɛ́ d à
ပင့်ကူ	p ɪ̰ ɴ ɡ ù
လမ်းကြား	l á ɴ d͡ʑ á
ကုန်တင်ကား	k ò ʊ ɴ d ɪ̀ ɴ ɡ á
ကုန်ကုန်	k ò ʊ ɴ ɡ ò ʊ ɴ
သူရ	θ ù j a̰
ကောင်မလေး	k à ʊ ɴ m a̰ l é
လက်ဖက်ရည်	l ə pʰ ɛ ʔ j è
သုခေါဒယ	θ ṵ kʰ ɔ́ d ə j a̰
ခဲ့	ɡ ɛ̰
မျက်လွှာ	m j ɛ ʔ l̥ w à
အပိုင်း	ʔ ə p á ɪ ɴ
ဗလ	b ə l a̰
နန်းမတော်	n á ɴ m ə d ɔ̀
ပေါ်တူဂီ	p ɔ̀ t ù ɡ ì
ဗီဇာ	b ì z à
သံလမ်းရထား	θ à ɴ l á ɴ j ə tʰ á
သလုံး	θ ə l ó ʊ ɴ
ဆိုင်းဝိုင်း	sʰ á ɪ ɴ w á ɪ ɴ
အပြုံး	ʔ ə p j ó ʊ ɴ
ရေတွက်	j è t w ɛ ʔ
ဂေါ်	ɡ ɔ̀
ဗီတာမင်	b ì t à m ɪ̀ ɴ
ဥပေက္ခါ	ʔ ṵ p ɛ ʔ kʰ à
ပြုတ်	p j o ʊ ʔ
နိစ္စ	n è s a̰
ရေနံဆီ	j è n à ɴ z ì
ဆူဒန်	sʰ ù d à ɴ
အညစ်အထည်း	ʔ ə ɲ ɪ ʔ ʔ ə tʰ í
ပိုးဟပ်	p ó h a ʔ
ချမ်း	t͡ɕʰ á ɴ
တရုတ်စံကား	t a̰ j o ʊ ʔ s à ɴ k á
အုန်းနို့ခေါက်ဆွဲ	ʔ ó ʊ ɴ n o̰ kʰ a ʊ ʔ sʰ w ɛ́
ရှစ်	ʃ ɪ ʔ
ဖိတ်	pʰ e ɪ ʔ
မြင်းခြံ	m j ɪ́ ɴ d͡ʑ à ɴ
ယစ်ထုတ်	j ɪ ʔ tʰ o ʊ ʔ
ကျောင်း	t͡ɕ á ʊ ɴ
ပါရမီ	p à ɹ ə m ì
ကော်ပီစာအုပ်	k ɔ̀ p ì s à ʔ o ʊ ʔ
အုန်းဆီ	ʔ ó ʊ ɴ z ì
စင်ကာပူ	s ɪ̀ ɴ ɡ ə p ù
တောခွေး	t ɔ́ ɡ w é
လွန်	l ʊ̀ ɴ
ပီရူး	p ì ɹ ú
အမျိုးသမီး	ʔ ə m j ó ð ə m í
စည်းပုံ	s í b ò ʊ ɴ
ပန်းနာရင်ကျပ်	p á ɴ n à j ɪ̀ ɴ t͡ɕ a ʔ
တို	t ò
အာခါ	ʔ à kʰ à
အသိပညာ	ʔ ə θ ḭ p j ɪ̀ ɴ ɲ à
ဆွီဒင်	sʰ w ì d ɪ̀ ɴ
မွှား	m̥ w á
နဲ့	n ɛ̰
ထိုင်ဝမ်	tʰ à ɪ ɴ w à ɴ
ငရဲ	ŋ ə j ɛ́
စေ့စပ်	s ḛ z a ʔ
လို့	l o̰
ပစ္စက္ခ	p ɪ ʔ s ɛ ʔ kʰ a̰
အခွံ	ʔ ə kʰ ʊ̀ ɴ
တနင်္လာ	t ə n ɪ́ ɴ l à
ကုသိုလ်ကံ	k ṵ ð ò ɡ à ɴ
ပဲ့တင်သံ	p ɛ̰ t ɪ̀ ɴ ð à ɴ
ယီမင်	j ì m ɪ̀ ɴ
ကောင်းကင်ဘုံ	k á ʊ ɴ ɡ ɪ̀ ɴ b ò ʊ ɴ
နို့လိမ်	n o̰ l è ɪ ɴ
ဗို့	b o̰
အဖတ်	ʔ ə pʰ a ʔ
သူငယ်တန်း	θ ù ŋ ɛ̀ d á ɴ
မျှစ်	m̥ j ɪ ʔ
နေ့စွဲ	n ḛ z w ɛ́
ပြက္ခဒိန်	p j ɛ ʔ ɡ ə d è ɪ ɴ
စင်	s ɪ̀ ɴ
ပန်းစည်း	p á ɴ z í
သိုးမွေး	θ ó m w é
ဆန်ပြုတ်	sʰ à ɴ b j o ʊ ʔ
အမျှင်	ʔ ə m̥ j ɪ̀ ɴ
ကွမ်ရင်မယ်တော်	k w à ɴ j ɪ̀ ɴ m ɛ̀ d ɔ̀
ဆင့်	sʰ ɪ̰ ɴ
လွိုင်ကော်	l w à ɪ ɴ k ɔ̀
ပါရရာ	p à ɹ ə j à
ဒဿနိကဗေဒ	d a̰ θ ə n ḭ k a̰ b è d a̰
လိပ်ခေါင်း	l e ɪ ʔ ɡ á ʊ ɴ j ɔ́ ɡ à
လည်ပင်းကြီးရောဂါ	l ì b ɪ́ ɴ d͡ʑ í j ɔ́ ɡ à
ဝရဏဗေဒ	w ə j ə n a̰ d a̰ b è d a̰
ပြည်သူပိုင်သိမ်း	p j ì ð ù b à ɪ ɴ ð é ɪ ɴ
သာဓု	θ à d ṵ
ကုန်း	k ó ʊ ɴ
အယူဝါဒ	ʔ ə j ù w à d a̰
ဖြူ	pʰ j ù
ကြက်အူချောင်း	t͡ɕ ɛ ʔ ʔ ù d͡ʑ á ʊ ɴ
ပိုတက်ဆီယမ်	p ò t ɛ ʔ sʰ ì j à ɴ
ပင့်ကူအိမ်	p ɪ̰ ɴ ɡ ù ʔ è ɪ ɴ
ပဉ္စရူပ	p ɪ̀ ɴ s a̰ j ù p a̰
ယောက္ခထီး	j a ʊ ʔ kʰ ə tʰ í
ငါး	ŋ á
နဝရတ်	n ə w ə ɹ a ʔ
ဝစီကံ	w ə z ì ɡ à ɴ
မဟာကဿပ	m ə h à k a ʔ θ ə p a̰
ရေနဂါး	j è n ə ɡ á
ဓမ္မတာဝန်	d ə m ə d à w ʊ̀ ɴ
မုဆိုး	m o ʊ ʔ sʰ ò
ညီနောင်	ɲ ì n à ʊ ɴ
ဖော်	pʰ ɔ̀
ဘယ်သူ	b ə θ ù
ဒီည	d ì ɲ a̰
လေယာဉ်	l è j ɪ̀ ɴ
စည်ပိုင်း	s ì b á ɪ ɴ
ပြည်သူ	p j ì ð ù
စာပို့	s à p o̰
ဥက္ကာ	ʔ o ʊ ʔ k à
မိုနာကို	m ò n à k ò
လှံ	l̥ à ɴ
ဟန်ဂေရီ	h à ɴ ɡ è ɹ ì
အခြား	ʔ ə t͡ɕʰ á
မြို့	m j o̰
ရေမိုင်	j è m à ɪ ɴ
တစ်ခုလပ်	t ə kʰ ṵ l a ʔ
ဘယ်နှစ်	b ɛ̀ n̥ ə
ခြည်	t͡ɕʰ ì
ဇာတ်ခုံ	z a ʔ kʰ ò ʊ ɴ
ပန်းသေးခေါက်ဆွဲ	p á ɴ θ é kʰ a ʊ ʔ sʰ w ɛ́
ဝိဘတ်	w ḭ b a ʔ
သင်္ဂဟ	θ ɪ̰ ɴ ɡ ə h a̰
ဒုယင်တော်	d ə j ɪ̀ ɴ d ɔ̀
ကျယ်ဝန်း	t͡ɕ ɛ̀ w ʊ́ ɴ
ဘေးဆိုး	b é z ó
မဟာလတာ	m ə h à l ə t à
ဂီတာ	ɡ ì t à
မြေပြန့်	m j è b j a̰ ɴ
ညီလာခံ	ɲ ì l à ɡ à ɴ
အပိုဒ်	ʔ ə p a ɪ ʔ
ဆူ	sʰ ù
ငံပြာရည်	ŋ à ɴ b j à j è
ဒေါင်းလန်း	d á ʊ ɴ l á ɴ
အထင်	ʔ ə tʰ ɪ̀ ɴ
ဂယ်လက်ဆီ	ɡ ɛ̀ l ɛ ʔ sʰ ì
သရုပ်ဆောင်	θ ə j o ʊ ʔ sʰ à ʊ ɴ
ဆရာလေး	sʰ ə j à l é
နှိပ်ကြယ်သီး	n̥ e ɪ ʔ t͡ɕ ɛ̀ ð í
သွားတိုက်ဆေး	θ w á d a ɪ ʔ sʰ é
ပါမောက္ခ	p à m a ʊ ʔ kʰ a̰
ငံ	ŋ à ɴ
အုန်းထမင်း	ʔ ó ʊ ɴ tʰ ə m ɪ́ ɴ
ပြာတာ	p j à t à
စာဆို	s à z ò
ထင်စား	tʰ ɪ̀ ɴ z á
သိုးထီး	θ ó d í
အိုမန်	ʔ ò m à ɴ
သွေးကြော	θ w é d͡ʑ ɔ́
ဇယ	z ə j a̰
မုဒိမ်း	m ə d é ɪ ɴ
အရေးတော်ပုံ	ʔ ə j é d ɔ̀ b ò ʊ ɴ
ကာလသား	k à l ə ð á
တူ	t ù
ဘိက္ခု	b e ɪ ʔ kʰ ṵ
သန္တာ	θ à ɴ d à
ဂဏန်းတွက်စက်	ɡ ə n á ɴ t w ɛ ʔ s ɛ ʔ
လူကြီး	l ù d͡ʑ í
ပန်းပဲ	b ə b ɛ́
ဖေဖော်ဝါရီ	pʰ è pʰ ɔ̀ w à ɹ ì
နဂါးမောက်	n a̰ ɡ á m a ʊ ʔ
ဘယ်နှ	b ɛ̀ n̥ a̰
ရဝမ်ဒါ	ɹ ə w à ɴ d à
ဘီလူး	b ə l ú
ရယ်	j ì
ဘင်္ဂါလီ	b ɪ̀ ɴ ɡ à l ì
လီဆူ	l ì sʰ ù
စာပို့	s à b o̰
ပိန်းဥ	p é ɪ ɴ ʔ ṵ
ရေခွက်	j è ɡ w ɛ ʔ
သံပရာ	θ à ɴ b ə j à
ပန်းခြံ	p á ɴ d͡ʑ à ɴ
စက်ခေါင်း	s ɛ ʔ ɡ á ʊ ɴ
အန်ကယ်	ʔ à ɴ k ɛ̀
ဇီဝကမ္မဗေဒ	z ì w a̰ k à ɴ m a̰ b è d a̰
ယှဉ်း	ʃ ɪ́ ɴ
လျက်	j ɛ ʔ
မုံရွာ	m ò ʊ ɴ j w à
ကျေးဇူးတင်ပါတယ်	t͡ɕ é z ú t ɪ̀ ɴ b à d ɛ̀
မဟာဘွဲ့	m ə h à b w ɛ̰
စာဖတ်	s à pʰ a ʔ
ကိစ္စ	k e ɪ ʔ s a̰
တိုးတက်ရေး	t ó t ɛ ʔ j é
ယာဉ်	j ɪ̀ ɴ
ရေစစ္စရီ	j è s ɪ ʔ s ə ɹ ì
အငတ်	ʔ ə ŋ a ʔ
ဖဲ	pʰ ɛ́
မြွေပါ	m w è b à
အောင်	ʔ à ʊ ɴ
ဘုန်းကြီးကျောင်း	pʰ ó ʊ ɴ d͡ʑ í t͡ɕ á ʊ ɴ
သီရိလင်္ကာ	θ ì ɹ ḭ l ɪ̀ ɴ k à
ယပင့်	j a̰ p ɪ̰ ɴ
သမ်း	θ á ɴ
ခွက်	kʰ w ɛ ʔ
အီသီယိုးပီးယား	ʔ ì θ ì j ó p í j á
ကန့်	k a̰ ɴ
ပါတီ	p à t ì
သံလမ်း	θ à ɴ l á ɴ
မာန်	m à ɴ
ပျူ	p j ù
ဇာဂနာ	z à ɡ ə n à
ဖြီး	pʰ í
ယုဇန	j ṵ z a̰ n a̰
လိုး	l ó
မှန်ပြောင်း	m̥ à ɴ b j á ʊ ɴ
ဖီဂျီ	pʰ ì d͡ʑ ì
ထယ်	tʰ ɛ̀
နာနာဘာဝ	n à n à b à w a̰
အကြမ်းဖက်သမား	ʔ ə t͡ɕ á ɴ pʰ ɛ ʔ θ ə m á
ကွမ်ရင်	k w à ɴ j ɪ̀ ɴ
ဖျင်ဖျင်	pʰ j ɪ̀ ɴ b j ɪ̀ ɴ
ဇာတ်ဆောင်	z a ʔ sʰ à ʊ ɴ
အနာဂတ်	ʔ ə n à ɡ a ʔ
ကျောင်းသား	t͡ɕ á ʊ ɴ ð á
အမှိုက်	ʔ ə m̥ a ɪ ʔ
ဒေါ်	d ɔ̀
ငါးမုန့်	ŋ á m o̰ ʊ ɴ
လျှောက်	ʃ a ʊ ʔ
ရရစ်	j a̰ j ɪ ʔ
သူ	θ ù
အဆိပ်	ʔ ə sʰ e ɪ ʔ
ချောက်	t͡ɕʰ a ʊ ʔ
မယ်	m ɛ̀
ရေကာတာ	j è ɡ à d à
ရက်	j ɛ ʔ
ရသ	j a̰ ð à
နံရိုး	n à ɴ j ó
တေးသွား	t é ð w á
လမ်းသရဲ	l á ɴ θ ə j ɛ́
အနုပညာ	ʔ ə n ṵ p j ɪ̀ ɴ ɲ à
အနုရုဒ္ဓါ	ʔ ə n ṵ j o ʊ ʔ d à
ပင်လယ်	p ɪ̀ ɴ l ɛ̀
ကုလားနို့	k ə l ə n o̰
သရက်	θ ə j ɛ ʔ
ပေါက်တူး	p a ʊ ʔ t ú
သွားရည်	θ ə j ì
အောက်တိုဘာ	ʔ a ʊ ʔ t ò b à
မုဆိုးဖို	m ṵ sʰ ó b ò
စိတ္တဗေဒ	s e ɪ ʔ t a̰ b è d a̰
ပါတိတ်	p à t e ɪ ʔ
စာပေ	s à p è
သီတင်းသီလ	ð ə d ɪ́ ɴ θ ì l a̰
ကပ်ပယ်	k a ʔ p ɛ̀
သဘာဝ	ð ə b à w a̰
ကွင်းထိုးဖိနပ်	ɡ w ɪ́ ɴ d ó pʰ ə n a ʔ
ဖဝါး	pʰ ə w á
ယူနီယန်	j ù n ì j à ɴ
အမျိုးသားနေ့	ʔ ə m j ó ð á n ḛ
အစား	ʔ ə s á
အင်္ဂလိပ်	ʔ ɪ̀ ɴ ɡ ə l e ɪ ʔ
စစ်ကိုင်း	z ə ɡ á ɪ ɴ
သိက္ခါ	θ e ɪ ʔ kʰ à
ကူညီ	k ù ɲ ì
စာမေးပွဲ	s à m é b w ɛ́
ဗုဒ္ဓဟူး	b o ʊ ʔ d a̰ h ú
သာမဏေ	θ à m ə n è
ကျန်းမာရေး	t͡ɕ á ɴ m à j é
မြေပုံ	m j è b ò ʊ ɴ
စာစောင်	s à z à ʊ ɴ
ဥဿဖရား	ʔ o ʊ ʔ θ ə pʰ ə j á
ရွှေဘို	ʃ w è b ò
နရန်း	n ə j á ɴ
အတန်း	ʔ ə t á ɴ
ရွေး	j w é
ဖုတ်	pʰ o ʊ ʔ
အမြီး	ʔ ə m̥ í
ပဉ္စင်တူရိယာ	p j ɪ ʔ s ɪ̀ ɴ t ù ɹ ḭ j à
နီး	n í
သတင်း	ð a̰ d ɪ́ ɴ
ပြိုင်ပွဲ	p j à ɪ ɴ b w é
နာရီ	n à j ì
မှဲ့	m̥ ɛ̰
ရာ	j à
အက	ʔ ə k a̰
နံကထိုင်	n à ɴ k ə tʰ à ɪ ɴ
ဟုတ်	h o ʊ ʔ
နောက်ကျ	n a ʊ ʔ t͡ɕ a̰
နားကြပ်	n ə d͡ʑ a ʔ
စာသား	s à ð á
သူပုန်	ð ə b ò ʊ ɴ
နိုင်ငံကူးလက်မှတ်	n à ɪ ɴ ŋ à ɴ ɡ ú l ɛ ʔ m̥ a ʔ
အရွတ်	ʔ ə j ʊ ʔ
လောက	l ɔ́ k a̰
သူရိန်	θ ù j è ɪ ɴ
အိပ်ခန်း	ʔ e ɪ ʔ kʰ á ɴ
ရက်သတ္တပတ်	j ɛ ʔ θ a ʔ d ə b a ʔ
ပုစွန်	b ə z ʊ̀ ɴ
ဖြူး	pʰ j ú
ပျော်	p j ɔ̀
ပန်းရွဲ	p á ɴ j w ɛ́
သဉ္ဇာ	θ ɪ̀ ɴ z à
မြူ	m j ù
ဘုရင်ခံ	b ə j ɪ̀ ɴ ɡ à ɴ
မြင်းမိုရ်	m j ɪ́ ɴ m ò
သရဏဂုံသုံးပါး	θ ə j ə n ə ɡ ò ʊ ɴ θ ó ʊ ɴ b á
ရုံးပတီ	j ó ʊ ɴ b ə t ì
ကမ်း	k á ɴ
မိုးကာအင်္ကျီ	m ó ɡ à ʔ ɪ̀ ɴ d͡ʑ ì
အင်းစိန်	ʔ ɪ́ ɴ s è ɪ ɴ
သစ်သီးရည်	θ ɪ ʔ θ í j è
အရေပြားရောဂါ	ʔ ə j è b j á j ɔ́ ɡ à
လက်ဆွဲသေတ္တာ	l ɛ ʔ sʰ w ɛ́ θ ɪ ʔ t à
မြွေ	m w è
လင်းပိုင်	l ɪ́ ɴ b à ɪ ɴ
ရေကူးကန်	j è k ú ɡ à ɴ
ခြင်္သေ့ကလေး	t͡ɕʰ ɪ̀ ɴ ð ḛ ɡ ə l é
အော်ပရာ	ʔ ɔ̀ p ə ɹ à
စော	s ɔ́
ဖယောင်းတိုင်	pʰ ə j á ʊ ɴ d à ɪ ɴ
သုဓမ္မသိင်္ဂီ	θ ṵ d à ɴ m a̰ θ è ɪ ɴ ɡ ì
အခန်း	ʔ ə kʰ á ɴ
အနီ	ʔ ə n ì
အသုဘ	ʔ a̰ θ ṵ b a̰
ပြည်ထောင်စုတော်လှန်ရေးကောင်စီအဖွဲ့	p j ì d à ʊ ɴ z ṵ t ɔ̀ l̥ à ɴ j é k à ʊ ɴ s ì ʔ ə pʰ w ɛ̰
ဂမ်ဘီယာ	ɡ à ɴ b ì j à
ကိတ်ဗာဒီ	k e ɪ ʔ b ə d ì
ရင်ခံ	j ɪ̀ ɴ kʰ à ɴ
ဖယ်ဒရေးရှင်း	pʰ ɛ̀ d ə ɹ é ʃ ɪ́ ɴ
အထပ်	ʔ ə tʰ a ʔ
ဟူးရား	h ú j á
သူငယ်မ	θ ə ŋ ɛ̀ m a̰
ဇင်္ဂမဥစ္စာ	z ɪ̀ ɴ ɡ ə m a̰ ʔ o ʊ ʔ s à
သိရှိ	θ ḭ ʃ ḭ
ခေါင်းပေါင်း	ɡ á ʊ ɴ b á ʊ ɴ
မီးခတ်	m í kʰ a ʔ
သက်သေ	θ ɛ ʔ θ è
ပြန်ကြားရေး	p j à ɴ t͡ɕ á j é
ထုံးစံ	tʰ ó ʊ ɴ z à ɴ
ကျည်	t͡ɕ ì
တိုဂို	t ò ɡ ò
ဟဲလို	h ɛ́ l ò
မကိုဋ်	m ə ɡ a ɪ ʔ
အမှန်တရား	ʔ ə m̥ à ɴ t ə j á
သွေးအုပ်စု	θ w é ʔ o ʊ ʔ s ṵ
ဘင်နာ	b ɪ̀ ɴ n à
ဆယ်	sʰ ɛ̀
အမှတ်	ʔ ə m̥ a ʔ
အထဲ	ʔ ə tʰ ɛ́
ကွန်ဖြူးရှပ်	k ʊ̀ ɴ pʰ j ú ʃ a ʔ
ရွှေတောင်ခေါက်ဆွဲ	ʃ w è d à ʊ ɴ kʰ a ʊ ʔ sʰ w ɛ́
ကမ္ဘောဒီးယား	k à ɴ b ɔ́ d í j á
အီစတာ	ʔ ì s ə t à
ကောက်	k a ʊ ʔ
ဒေါ်လေး	d ɔ̀ l é
နယုန်	n ə j ò ʊ ɴ
ဖော့လုံး	pʰ ɔ̰ l ó ʊ ɴ
ပီတိ	p ì t ḭ
ရှို့	ʃ o̰
တား	t á
ပစ္စုပ္ပန်	p ɪ ʔ s o ʊ ʔ p à ɴ
နတ်	n a ʔ
ဂန္ထဗေဒ	ɡ à ɴ tʰ a̰ b è d a̰
ပသီ	p ə θ ì
က္ယူးဘား	k ə j ú b á
အခိုး	ʔ ə kʰ ó
မဲဆန္ဒ	m ɛ́ sʰ à ɴ d a̰
သရုပ်	θ ə j o ʊ ʔ
ယင်ကောင်	j ɪ̀ ɴ ɡ à ʊ ɴ
အနှီဟာ	ʔ ə n̥ ì h à
ကုန်ကား	k ò ʊ ɴ ɡ á
မြောက်ကိုရီးယား	m j a ʊ ʔ k ò ɹ í j á
တာချီလိတ်	t à t͡ɕʰ ì l e ɪ ʔ
ဟလဝါ	h a̰ l a̰ w à
ဖငယ်	pʰ a̰ ŋ ɛ̀
ခန်တမာ	kʰ à ɴ t ə m à
ပျားတူ	b a̰ d ù
ကန့်လန့်ကာ	k ə l ə ɡ à
ခြမ်း	t͡ɕʰ á ɴ
ခဲဖျက်	kʰ ɛ́ b j ɛ ʔ
အား	ʔ á
ဇေယျာပူရ	z è j à p ù ɹ a̰
လည်း	l ɛ́
အမျိုးဇာတ်	ʔ ə m j ó z a ʔ
လေ	l è
စကားထာ	z ə ɡ ə tʰ à
နှုတ်သီး	n̥ o ʊ ʔ θ í
တိရစ္ဆာန်ရုံ	t ə ɹ e ɪ ʔ sʰ à ɴ j ò ʊ ɴ
ဒင်္ဂါး	d ɪ̀ ɴ ɡ á
ဘာသာစကား	b à θ à z ə ɡ á
ပူ	p ù
သင်	θ ɪ̀ ɴ
ပန်းအိ	p á ɴ ʔ ḭ
ဆိုကရေးတီး	sʰ ò k ə ɹ é t í
ရွတ်ရွတ်	j ʊ ʔ j ʊ ʔ
ဆန်းဒဝစ်	sʰ á ɴ d ə w ɪ ʔ
တပ်ခွဲတပ်ကြပ်ကြီး	t a ʔ kʰ w ɛ́ t a ʔ t͡ɕ a ʔ t͡ɕ í
နှုတ်ဆက်	n̥ o ʊ ʔ sʰ ɛ ʔ
ကြက်သွန်ဖြူ	t͡ɕ ɛ ʔ θ ʊ̀ ɴ b j ù
ကွန်ကရစ်	k ʊ̀ ɴ ɡ ə ɹ ɪ ʔ
ပေါင်းတင်း	p á ʊ ɴ d ɪ́ ɴ
ရေ	j è
ရန်ကုန်	j à ɴ ɡ ò ʊ ɴ
ငါးခူ	ŋ ə kʰ ù
ကြက်ခြေ	t͡ɕ ɛ ʔ t͡ɕʰ è
တိုင်ကီ	t à ɪ ɴ k ì
တင်ပါ့ဘုရား	t ɪ̀ ɴ b a̰ pʰ ə j á
စာတိုက်	s à d a ɪ ʔ
သွပ်	θ ʊ ʔ
အိုက်စလန်	ʔ a ɪ ʔ s ə l à ɴ
ယောဂ	j ɔ́ ɡ ì
ရာဟုလာ	j à h ṵ l à
ဂီတသမား	ɡ ì t a̰ ð ə m á
လဟု	l ə h ṵ
သနပ်ခါး	θ ə n ə kʰ á
ကောလိသိန်	k ɔ́ l ḭ θ è ɪ ɴ
ပန်းရန်	b ə j à ɴ
မြင်းသံခွာ	m j ɪ́ ɴ θ à ɴ kʰ w à
မိုဇမ်ဘစ်	m ò z à ɴ b ɪ ʔ
အခေါက်	ʔ ə kʰ a ʊ ʔ
ဆိုင်းထိုး	sʰ á ɪ ɴ tʰ ó
သာဂူ	θ à ɡ ù
ပုံး	p ó ʊ ɴ
သည်း	θ í
တြိဂံ	t ɹ ḭ ɡ à ɴ
ဒုံး	d ó ʊ ɴ
ကျပ်	t͡ɕ a ʔ
ကုလားဖြူ	k ə l ə pʰ j ù
မီးယပ်ရောဂါ	m í j a ʔ j ɔ́ ɡ à
ပနားမား	p a̰ n á m á
စံပယ်	z ə b ɛ̀
တိုရှေ	t ò ʃ è
နုပ်	n o ʊ ʔ
ပုဏ္ဏား	p ò ʊ ɴ n á
အသျှင်	ʔ ə ʃ ɪ̀ ɴ
ဒီဇိုင်း	d ì z á ɪ ɴ
ကြည်းတပ်	t͡ɕ í d a ʔ
သင်္ဘောသီး	θ ɪ́ ɴ b ɔ́ ð í
စနေ	s ə n è
လယ်	l ɛ̀
ရွှေတောင်	ʃ w è d à ʊ ɴ
အာရာမ်	ʔ à j à ɴ
အဆိုတော်	ʔ ə sʰ ò d ɔ̀
အမှတ်တံဆိပ်	ʔ ə m̥ a ʔ d ə z e ɪ ʔ
သူခိုး	θ ə kʰ ó
စုတ်	s o ʊ ʔ
ချင်	t͡ɕʰ ɪ̀ ɴ
ကျင်စွယ်	t͡ɕ ɪ̀ ɴ z w ɛ̀
နတ်ကွန်း	n a ʔ k ʊ́ ɴ
စာလုံးပေါင်းသတ်ပုံ	s ə l ó ʊ ɴ b á ʊ ɴ θ a ʔ p ò ʊ ɴ
ကြည့်	t͡ɕ í
ဘဟားမား	b a̰ h á m á
ကဝေ	k ə w è
လောကနတ်	l ɔ́ k a̰ n a ʔ
ရောင်ခြည်	j à ʊ ɴ d͡ʑ ì
ဟော်လန်	h ɔ̀ l à ɴ
လောင်	l à ʊ ɴ
အိန္ဒြာ	ʔ è ɪ ɴ d ɹ à
ကွယ်လွန်	k w ɛ̀ l ʊ̀ ɴ
နောက်	n a ʊ ʔ
မှတ်စု	m̥ a ʔ s ṵ
နိုင်ငံသားအဖြစ်	n à ɪ ɴ ŋ à ɴ ð á ʔ ə pʰ j ɪ ʔ
ကြက်ဆူ	t͡ɕ ɛ ʔ sʰ ù
အထက်လွှတ်တော်	ʔ ə tʰ ɛ ʔ l̥ ʊ ʔ t ɔ̀
ဘူရွန်ဒီ	b ù ɹ ʊ̀ ɴ d ì
ဇင့်ခ်	z ɪ̰ ɴ
မိုဘိုင်းလ်ဖုန်း	m ò b á ɪ ɴ pʰ ó ʊ ɴ
ဟီနယာန	h ì n a̰ j à n a̰
ပိုဒ်	p a ɪ ʔ
စစ်	s ɪ ʔ
ကျွန်းဆွယ်	t͡ɕ ʊ́ ɴ z w ɛ̀
စွပ်ပြုတ်	s ʊ ʔ p j o ʊ ʔ
စိန်	s è ɪ ɴ
မီးသီး	m í θ í
ကြံ့	t͡ɕ a̰ ɴ
မော်ဇာ	m ɔ̀ z à
သိုးအုပ်	θ ó ʔ o ʊ ʔ
အသေ	ʔ ə θ è
အဖို့	ʔ ə pʰ o̰
သိဒ္ဓိ	θ e ɪ ʔ d ḭ
တင်ကူး	t ɪ̀ ɴ ɡ ú
အစဉ်	ʔ ə s ɪ̀ ɴ
ဗီယင်ကျန်း	b ì j ɪ̀ ɴ t͡ɕ á ɴ
သင်္ကန်း	θ ɪ̀ ɴ ɡ á ɴ
ဗင်နီဇွဲလား	b ɪ̀ ɴ n ì z w ɛ́ l á
ဘယ်လို	b ɛ̀ l ò
မွတ်	m ʊ ʔ
ကြာ	t͡ɕ à
နာမဝိသေသန	n à m a̰ w ḭ θ è θ ə n a̰
လက်	l ɛ ʔ
တွပ်	t ʊ ʔ
ဆန်	sʰ à ɴ
ယာမာ	j à m à
ဘိသိက်	b e ɪ ʔ θ e ɪ ʔ
စန်း	s á ɴ
လှုံ	l̥ ò ʊ ɴ
ထီး	tʰ í
နံနံ	n à ɴ n à ɴ
မည်	m j ì
ပညာရှင်	p j ɪ̀ ɴ ɲ à ʃ ɪ̀ ɴ
ဘုရားအလောင်း	pʰ ə j á ʔ ə l á ʊ ɴ
ဂေါက်	ɡ a ʊ ʔ
လေဆိပ်	l è z e ɪ ʔ
အဝင်	ʔ ə w ɪ̀ ɴ
ဆလိမ်	sʰ a̰ l è ɪ ɴ
စီးပွား	s í b w á
မှန်ပါ့ဘုရား	m̥ à ɴ b a̰ pʰ ə j á
ဝတီ	w ə d ì
သခွား	θ a̰ kʰ w á
ဌာပနာ	tʰ à p ə n à
မဟာပညာဗလ	m ə h à p j ɪ̀ ɴ ɲ à b ə l a̰
လည်ချောင်း	l ɛ̀ d͡ʑ á ʊ ɴ
ဆယ့်နှစ်ရာသီ	sʰ ɛ̰ n̥ ə j à θ ì
စာအုပ်ဆိုင်	s à ʔ o ʊ ʔ sʰ à ɪ ɴ
ရေခဲမုန့်	j è ɡ ɛ́ m o̰ ʊ ɴ
ခေါင်းအုံး	ɡ á ʊ ɴ ʔ ó ʊ ɴ
ဝါစင်္ဂ	w à z ɪ̀ ɴ ɡ a̰
ထိပ်စုဖုရား	tʰ e ɪ ʔ s ṵ pʰ ə j á
ပြန်ကြား	p j à ɴ t͡ɕ á
အော်	ʔ ɔ̀
ပဲ	b ɛ́
စစ်တွေ	s ɪ ʔ t w è
ဝေသာလီ	w è θ à l ì
လောင်း	l á ʊ ɴ
ဟန်နီ	h à ɴ n ì
လစ်ဗျား	l ɪ ʔ b j á
ဂျင်းဘောင်းဘီ	d͡ʑ ɪ́ ɴ b á ʊ ɴ b ì
အတိတ်	ʔ ə t e ɪ ʔ
ကင်မရာ	k ɪ̀ ɴ m ə ɹ à
သို့မဟုတ်	ð o̰ m ə h o ʊ ʔ
ဖုန်စုပ်စက်	pʰ ò ʊ ɴ s o ʊ ʔ s ɛ ʔ
ရာဇာ	j à z à
ငါးသလောက်ပေါင်း	ŋ ə θ ə l a ʊ ʔ b á ʊ ɴ
လွန်ဆွဲ	l ʊ̀ ɴ sʰ w ɛ́
နယ်စပ်	n ɛ̀ z a ʔ
ရဲတိုက်	j ɛ́ d a ɪ ʔ
ဇိမ်မယ်	z è ɪ ɴ m ɛ̀
အာဂျင်တီးနား	ʔ à d͡ʑ ɪ̀ ɴ t í n á
လက်ဖက်သုပ်	l ə pʰ ɛ ʔ θ o ʊ ʔ
နန္ဒာ	n à ɴ d à
အသိတရား	ʔ ə θ ḭ t ə j á
ကာယ	k ə j a̰
လှုလှု	l̥ ṵ l̥ ṵ
မြေပဲ	m j è b ɛ́
နော်	n ɔ̀
တောင်ကြား	t à ʊ ɴ d͡ʑ á
မီးခွက်	m í ɡ w ɛ ʔ
အရည်	ʔ ə j ì
လွှတ်တော်	l̥ ʊ ʔ t ɔ̀
ဆေးခြောက်	sʰ é d͡ʑ a ʊ ʔ
ကဆုန်လပြည့်နေ့	k ə sʰ ò ʊ ɴ l a̰ p j ḭ n ḛ
ဘောဂဗေဒ	b ɔ́ ɡ a̰ t a̰ b è d a̰
အခွံမာသီး	ʔ ə kʰ ʊ̀ ɴ m à ð í
အင်းဝ	ʔ ɪ́ ɴ w a̰
စောင်	s à ʊ ɴ
ဖော်ပြ	pʰ ɔ̀ p j a̰
အိမ်နီးချင်း	ʔ è ɪ ɴ n í d͡ʑ ɪ́ ɴ
မဉ္ဇူ	m ɪ̀ ɴ z ù
ချို	d͡ʑ ò
နိုင်	n à ɪ ɴ
သူတို့	θ ù d o̰
ဝါကျ	w e ɪ ʔ t͡ɕ a̰
ပဉ္စမ	p j ɪ̀ ɴ s ə m a̰
လူမျိုးစုလွှတ်တော်	l ù m j ó z ṵ l̥ ʊ ʔ t ɔ̀
လက္ခဏာ	l ɛ ʔ kʰ ə n à
ဖွင့်	pʰ w ɪ̰ ɴ
စခန်း	s ə kʰ á ɴ
အာနုဘော်	ʔ à n ṵ b ɔ̀
ပုရပိုက်	p ə ɹ ə b a ɪ ʔ
ပထမ	p a̰ tʰ a̰ m a̰
ယောနိ	j ɔ́ n ḭ
ဖား	pʰ á
ငါးပိရည်	ŋ ə p ḭ j è
မုဒိမ်း	m ṵ d é ɪ ɴ
အီရီထရီးယား	ʔ ì ɹ ì tʰ ə ɹ í j á
ပင်လယ်ဆား	p ɪ̀ ɴ l ɛ̀ z á
ပုံဆွဲ	p ò ʊ ɴ sʰ w ɛ́
နတ်ပြည်ခြောက်ထပ်	n a ʔ p j ì t͡ɕʰ a ʊ ʔ tʰ a ʔ
ဒေဝဒတ်	d è w ə d a ʔ
တန်ဆောင်မုန်း	d ə z à ʊ ɴ m ó ʊ ɴ
ကိုမိုရို	k ò m ò ɹ ò
ကျုပ်တို့	t͡ɕ o ʊ ʔ t o̰
မယား	m ə j á
ဗြိစ္ဆာ	b j e ɪ ʔ sʰ à
စေတနာ	s è d ə n à
လမ်းလျှောက်	l á ɴ ʃ a ʊ ʔ
နှစ်ဆယ့်တစ်	n̥ ɪ ʔ sʰ ɛ̰ t ɪ ʔ
ပါလီမန်	p à l ì m à ɴ
ဗဟို	b ə h ò
ဝိနည်း	w ḭ n í
အလက်	ʔ ə l ɛ ʔ
ကျွဲကော	t͡ɕ w ɛ́ ɡ ɔ́
နီ	n ì
ဆေးပြင်းလိပ်	sʰ é b j ɪ́ ɴ l e ɪ ʔ
ဆန္ဒပြပွဲ	sʰ à ɴ d a̰ p j a̰ b w ɛ́
ဘော်လီဘော	b ɔ̀ l ì b ɔ́
မင်းသား	m ɪ́ ɴ ð á
ဗိုလ်ကျ	b ò t͡ɕ a̰
ဘထွေး	b a̰ tʰ w é
သမ္မာကျမ်း	θ ə m à t͡ɕ á ɴ
ဩစတြေးလျ	ʔ ɔ́ s ə t ə ɹ é l j a̰
ဝေါဟာရဗေဒ	θ a ʔ d a̰ b è d a̰
လက်နှိပ်စက်	l ɛ ʔ n̥ e ɪ ʔ s ɛ ʔ
ကာလာမသုတ်	k à l à m a̰ θ o ʊ ʔ
မြန်မြန်	m j à ɴ m j à ɴ
ဆု	sʰ ṵ
မျောက်ချော	m j a ʊ ʔ t͡ɕʰ ɔ́
ကိုး	k ó
မလေးရှား	m ə l é ʃ á
ဆီး	sʰ í
ကမ္ဘာဂြိုဟ်	ɡ ə b à d͡ʑ ò
အနောက်	ʔ ə n a ʊ ʔ
တင်းထိမ်	t ɪ́ ɴ d è ɪ ɴ
မတော်တဆ	m ə t ɔ̀ t ə sʰ a̰
ရွှေကြည်	ʃ w è d͡ʑ ì
မနုဿီဟ	m ə n o ʊ ʔ θ ì h a̰
သိဒ္ဓတ်မင်း	θ e ɪ ʔ d a ʔ m ɪ́ ɴ
ပရိဘောဂ	p ə ɹ ḭ b ɔ́ ɡ a̰
အော့အန်	ʔ ɔ̰ ʔ à ɴ
အသံထွက်	ʔ ə θ à ɴ d w ɛ ʔ
ဒံပေါက်	d à ɴ p a ʊ ʔ
မျိုးဆက်	m j ó z ɛ ʔ
လင်ကောင်ပိုး	l ɪ̀ ɴ ɡ à ʊ ɴ b ó
မုန့်တီ	m o̰ ʊ ɴ t ì
မြွက်	m j w ɛ ʔ
ပိုလန်	p ò l à ɴ
လုံးလုံး	l ó ʊ ɴ l ó ʊ ɴ
ပုဗ္ဗ	p o ʊ ʔ b a̰
ငါးပုဏ္ဏား	ŋ ə p ù n n á
ဘာလင်	b à l ɪ̀ ɴ
တရုတ်ဆီးသီး	t ə j o ʊ ʔ z í θ í
လူ့ဘောင်	l ṵ b à ʊ ɴ
အဓိက	ʔ a̰ d ḭ ɡ a̰
ခုန်	kʰ ò ʊ ɴ
ကန်	k à ɴ
ရန်ဖြစ်	j à ɴ pʰ j ɪ ʔ
ရှဉ့်	ʃ ɪ̰ ɴ
တရုတ်	t ə j o ʊ ʔ
ရိတ်	j e ɪ ʔ
ကူး	k ú
အကြမ်းဖက်ဝါဒ	ʔ ə t͡ɕ á ɴ pʰ ɛ ʔ w à d a̰
မြိတ်	b e ɪ ʔ
ရည်းစား	j í z á
ပိုက်ဆံအိတ်	p a ɪ ʔ sʰ à ɴ ʔ e ɪ ʔ
မဟာဝိဇ္ဇာဘွဲ့	m ə h à w e ɪ ʔ z à b w ɛ̰
နွား	n w á
ဩရိဿ	ʔ ɔ́ ɹ e ɪ ʔ θ a̰
သားမြီးယပ်	θ á m j í j a ʔ
ငရဲသား	ŋ ə j ɛ́ ð á
သာဓက	θ à d a̰ k a̰
သင်းဝင်	θ ɪ́ ɴ w ɪ̀ ɴ
လယ်ယာ	l ɛ̀ j à
အိုင်ဗရီကို့စ်	ʔ à ɪ ɴ b ə ɹ ì k o̰ s
မဏ္ဍိုင်	m à ɴ d à ɪ ɴ
ကုသိုလ်	k ṵ θ ò
ကြယ်စု	t͡ɕ ɛ̀ z ṵ
လူ့အဖွဲ့အစည်း	l ṵ ʔ ə pʰ w ɛ̰ ʔ ə s í
အာမေဍိတ်	ʔ à m è d e ɪ ʔ
စုံစမ်း	s ò ʊ ɴ z á ɴ
ကျနော်	t͡ɕ ə n ɔ̀
ရှယ်	ʃ ɛ̀
အို	ʔ ò
ဆပ်ကပ်	sʰ a ʔ k a ʔ
မတ်ပဲ	m a ʔ p ɛ́
ပညာကျော်	p j ɪ̀ ɴ ɲ à d͡ʑ ɔ̀
ရွပ်ရွပ်	j ʊ ʔ j ʊ ʔ
မိန်းမလျာ	m é ɪ ɴ m ə ʃ à
မီးပန်း	m í b á ɴ
ကျမ	t͡ɕ ə m a̰
ငလျင်	ŋ ə l j ɪ̀ ɴ
ဝက်	w ɛ ʔ
သပ်	θ a ʔ
ကိရိယာ	k ə ɹ ḭ j à
သင်္ဘော	θ ɪ́ ɴ b ɔ́
လေ့လာ	l ḛ l à
ပညာပေး	p j ɪ̀ ɴ ɲ à p é
ကရဝိက်	k ə ɹ a̰ w e ɪ ʔ
နားထင်	n á tʰ ɪ̀ ɴ
ဝမ်းသာ	w ʊ́ ɴ θ à
အတွင်းစကား	ʔ ə t w ɪ́ ɴ z ə ɡ á
အကယ်၍	ʔ ə k ɛ̀ j w ḛ
နှင့်တကွ	n̥ ɪ̰ ɴ d ə ɡ w a̰
မဟာမောဂ္ဂလာန်	m ə h à m a ʊ ʔ ɡ ə l à ɴ
ဝန်စည်စလယ်	w ʊ̀ ɴ z ì z ə l ɛ̀
ဝါဆို	w à sʰ ò
မဲ	m ɛ́
ခွေးအိမ်	kʰ w é ʔ è ɪ ɴ
ပဲမှုန့်	p ɛ́ m̥ o̰ ʊ ɴ
မီးပွိုင့်	m í p w a̰ ɪ ɴ
တက္ကစီ	t ɛ ʔ k ə s ì
သွေးတိုးရောဂါ	θ w é t ó j ɔ́ ɡ à
ဆွပ်	sʰ ʊ ʔ
ဆပ်ပြာ	sʰ a ʔ p j à
အမျိုးအနွယ်	ʔ ə m j ó ʔ ə n w ɛ̀
ဆိုင်	sʰ à ɪ ɴ
ဒီဇင်ဘာ	d ì z ɪ̀ ɴ b à
ဓနိတ	d ə n ḭ t a̰
သရက်သီးသနပ်	θ ə j ɛ ʔ θ í θ a̰ n a ʔ
ပြပွဲ	p j a̰ b w ɛ́
ကတည်းက	ɡ ə d ɛ́ ɡ a̰
ကင်း	k ɪ́ ɴ
ရက်ကန်းစင်	j ɛ ʔ k á ɴ z ɪ̀ ɴ
ပုံနှိပ်စက်	p ò ʊ ɴ n̥ e ɪ ʔ s ɛ ʔ
ကျားမ	t͡ɕ á m a̰
အလင်္ကာ	ʔ ə l ɪ̀ ɴ ɡ à
ပထွေး	p ə tʰ w é
ကဆုန်	k ə sʰ ò ʊ ɴ
မြေပုံသီး	m j è b ò ʊ ɴ ð í
မုန်ညင်းဆီ	m ò ʊ ɴ ɲ ɪ́ ɴ sʰ ì
သုံးဆယ်	θ ó ʊ ɴ sʰ ɛ̀
စားပြီးပြီလား	s á p í b ì l á
အိတ်	ʔ e ɪ ʔ
ဆုံး	sʰ ó ʊ ɴ
စာရင်းကိုင်	s ə j ɪ́ ɴ ɡ à ɪ ɴ
ပျစ်	p j ɪ ʔ
အသော	ʔ ə θ ɔ́
နီလာ	n ì l à
မီနူး	m ì n ú
ကူးတို့ဆိပ်	ɡ ə d o̰ z e ɪ ʔ
သံလိုက်	θ à ɴ l a ɪ ʔ
အီး	ʔ í
နောင်	n à ʊ ɴ
စာရင်းကိုင်ပညာ	s ə j ɪ́ ɴ ɡ à ɪ ɴ p j ɪ̀ ɴ ɲ à
လည်စည်း	l è z í
ညှင်း	ɲ̊ ɪ́ ɴ
ဇီဝဗေဒ	z ì w a̰ b è d a̰
ထီးဖြူ	tʰ í b j ù
ဇီဝဓာတုဗေဒ	z ì w a̰ d à t ṵ b è d a̰
မြီ	m j ì
ဘာကီးနားဖားဆို	b à k í n á pʰ á sʰ ò
အလုပ်ပိတ်ရက်	ʔ ə l o ʊ ʔ p e ɪ ʔ j ɛ ʔ
အရက်	ʔ ə j ɛ ʔ
အားနည်း	ʔ á n ɛ́
ဂါနာ	ɡ à n à
တံ့တံ့	t a̰ ɴ d a̰ ɴ
များ	m j á
ဆိတ်ချေး	sʰ e ɪ ʔ t͡ɕʰ í
စိတ်ပညာ	s e ɪ ʔ p j ɪ̀ ɴ ɲ à
ပြင်သစ်	p j ɪ̀ ɴ θ ɪ ʔ
တကယ်	d ə ɡ ɛ̀
စွတ်စွတ်နာ	s ʊ ʔ s ʊ ʔ n à
ငရုတ်	ŋ ə j o ʊ ʔ
သမီး	θ ə m í
ဝံသ	w ʊ̀ ɴ θ a̰
ပဲပင်ပေါက်	p ɛ́ b ɪ̀ ɴ b a ʊ ʔ
ကင်ပွန်း	k ɪ̀ ɴ b ʊ́ ɴ
လေမုန်တိုင်း	l è m ò ʊ ɴ d á ɪ ɴ
ကတ်သလိတ်	k a ʔ θ ə l e ɪ ʔ
စောပြာ	s ɔ́ b j à
ညကလေး	ɲ a̰ k ə l é
ခွာ	kʰ w à
မြေ	m j è
ဖေါ်ပြချက်	pʰ ɔ̀ p j a̰ t͡ɕʰ ɛ ʔ
ငွေ့ငွေ့	ŋ w ḛ ŋ w ḛ
စိုက်	s a ɪ ʔ
ယုန်	j ò ʊ ɴ
မြောင်း	m j á ʊ ɴ
ဖို့	pʰ o̰
ဒီမိုကရေစီ	d ì m ò k ə ɹ è s ì
နှမ်းဆီ	n̥ á ɴ z ì
သံကြွပ်	θ à ɴ d͡ʑ ʊ ʔ
အဲလစ်ဇဘက်	ʔ ɛ́ l ɪ ʔ z a̰ b ɛ ʔ
ကောင်းကောင်း	k á ʊ ɴ ɡ á ʊ ɴ
ဒုတိယဗိုလ်ချုပ်ကြီး	d ṵ t ḭ j a̰ b ò d͡ʑ o ʊ ʔ d͡ʑ í
သယ်	θ ɛ̀
ပန်းသေး	p á ɴ ð é
ပန်းအိုး	p á ɴ ʔ ó
ခွေးမသား	kʰ w é m a̰ ð á
အင်းသား	ʔ ɪ́ ɴ ð á
တီးတိုးပြော	t í d ó p j ɔ́
သီလရှင်	θ ì l a̰ ʃ ɪ̀ ɴ
ကံ့ကူတံ	k a̰ ɴ ɡ ù d à ɴ
ဗာလ	b à l a̰
ပြည်	p j ì
ဟူ	h ù
ကာကွယ်ဆေး	k à ɡ w ɛ̀ z é
အကြောင်း	ʔ ə t͡ɕ á ʊ ɴ
တစ်ပင်တိုင်မင်းသမီး	d ə b ɪ̀ ɴ d à ɪ ɴ m ɪ́ ɴ ð ə m í
ဓမ္မတာကာလ	d ə m ə d à k à l a̰
ရိုးရိုး	j ó j ó
ပင်စင်	p ɪ̀ ɴ s ɪ̀ ɴ
လိင်ဆက်ဆံ	l è ɪ ɴ sʰ ɛ ʔ sʰ à ɴ
ဆွမ်းအုပ်	sʰ ʊ́ ɴ ʔ o ʊ ʔ
စာရင်း	s ə j ɪ́ ɴ
မြင်	m j ɪ̀ ɴ
ကာကွယ်	k à ɡ w ɛ̀
တရုတ်နံနံ	t a̰ j o ʊ ʔ n à ɴ n à ɴ
ခေါပုတ်	kʰ ɔ́ b o ʊ ʔ
အပြာ	ʔ ə p j à
ကြငှန်း	t͡ɕ ə ŋ̊ á ɴ
တော်လေးဝ	t ɔ̀ l é w a̰
ဘဝ	b a̰ w a̰
အစုရှင်	ʔ ə s ṵ ʃ ɪ̀ ɴ
သတ္တဗေဒ	θ a ʔ t a̰ b è d a̰
ကြေးဝါ	t͡ɕ é w à
ချက်	t͡ɕʰ ɛ ʔ
အနို့	ʔ ə n o̰
ထုတ်ကုန်	tʰ o ʊ ʔ k ò ʊ ɴ
ရင်ပတ်	j ɪ̀ ɴ b a ʔ
ဦး	ʔ ú
အေး	ʔ é
ရေနံ	j è n à ɴ
ဆေးရှဲ	sʰ é ʃ ɛ́
ကလိုရင်း	k ə l ò ɹ ɪ́ ɴ
ကဗျာ	ɡ ə b j à
ထိမ်းမြား	tʰ é ɪ ɴ m j á
ဟမ်ဘာဂါ	h à ɴ b à ɡ à
ဖျံ	pʰ j à ɴ
ဇနပုဒ်	z ə n ə p o ʊ ʔ
ဂရိတ်ဗြိတိန်	ɡ ə ɹ e ɪ ʔ b j ḭ t è ɪ ɴ
ဆလိုဗေးနီးယား	sʰ ə l ò b é n í j á
ဝိဇ္ဇာ	w e ɪ ʔ z à
နာမကရဏ	n à m a̰ k ə ɹ ə n a̰
အပွင့်	ʔ ə p w ɪ̰ ɴ
အလျား	ʔ ə l j á
သင်္ချာ	θ ɪ̀ ɴ t͡ɕʰ à
တွေ့	t w ḛ
ဂျမေကာ	d͡ʑ ə m è k à
ထောပတ်သီး	tʰ ɔ́ p a ʔ θ í
မြူစွမ်	m j ù s w à ɴ
ရာဂ	j à ɡ a̰
ဖိအား	pʰ ḭ ʔ á
ဂျော်ဂျီယာ	d͡ʑ ɔ̀ d͡ʑ ì j à
ရေကူး	j è k ú
အစွန်း	ʔ ə s ʊ́ ɴ
ပြီး	p í
မျက်မှန်	m j ɛ ʔ m̥ à ɴ
ဇနီး	z ə n í
ယမနေ	j ə m ə n è
လေး	l é
သာဝက	θ à w ə k a̰
လက်ဖက်ထုပ်	l ə pʰ ɛ ʔ tʰ o ʊ ʔ
ဗလီ	b ə l ì
တပည့်တော်	d ə b ḭ d ɔ̀
ကံ	k à ɴ
အမျိုးသားလွှတ်တော်	ʔ ə m j ó ð á l̥ ʊ ʔ t ɔ̀
ကစား	ɡ ə z á
ရိုး	j ó
သံပန်း	θ à ɴ b á ɴ
သုည	θ ò ʊ ɴ ɲ a̰
ဗာတီကန်	b à t ì k à ɴ
ကျွန်	t͡ɕ ʊ̀ ɴ
စီးပွားရေးသမား	s í b w á j é ð ə m á
နာတာလူးပွဲ	n à t à l ú b w ɛ́
အကျည်း	ʔ ə t͡ɕ í
စက်ရုံ	s ɛ ʔ j ò ʊ ɴ
လေပွေ	l è b w è
ဆီရာလီယွန်	sʰ ì ɹ à l ì j ʊ̀ ɴ
ကြက်	t͡ɕ ɛ ʔ
ဒီ	d ì
ဩစတြီးယား	ʔ ɔ́ s ə t ə ɹ ì j a̰
ပြည်နယ်	p j ì n ɛ̀
မူး	m ú
ပယ်ရှား	p ɛ̀ ʃ á
ကျော	t͡ɕ ɔ́
ဘော့ဆွာနာ	b ɔ̰ sʰ w à n à
နော်ဝေ	n ɔ̀ w è
ပါတာနီ	p à t à n ì
ဝက်ဝံ	w ɛ ʔ w ʊ̀ ɴ
ပရိက္ခရာ	p ə ɹ e ɪ ʔ kʰ ə j à
စာကိုယ်	s à ɡ ò
မှု	m̥ ṵ
စိုက်ပျိုးရေး	s a ɪ ʔ p j ó j é
မျက်ရည်	m j ɛ ʔ j è
ဓနရှင်	d ə n a̰ ʃ ɪ̀ ɴ
အပူ	ʔ ə p ù
ဂီတ	ɡ ì t a̰
ပလာတာ	p ə l à t à
ဆရာမ	sʰ ə j à m a̰
မနက်ဖြန်	m ə n ɛ ʔ pʰ j à ɴ
ပြဒါးချိန်	b ə d á d͡ʑ è ɪ ɴ
ချွန်	t͡ɕʰ ʊ̀ ɴ
ဒုတိယအရာခံဗိုလ်	d ṵ t ḭ j a̰ ʔ ə j à ɡ à ɴ b ò
လျှင်	l̥ j ɪ̀ ɴ
ကုတ်ဟီးနာ	k o ʊ ʔ h í n à
သံခွာ	θ à ɴ kʰ w à
ဆေး	sʰ é
မျိုး	m j ó
တပ်	t a ʔ
စွမ်းအင်	s w á ɴ ʔ ɪ̀ ɴ
ပန်းဆယ်မျိုး	p á ɴ sʰ ɛ̀ m j ó
ခရီးသည်	kʰ ə j í ð è
ဒူး	d ú
နှာဘူး	n̥ à b ú
တာဝတိံသာ	t à w a̰ t è ɪ ɴ θ à
မကုဋ	m ə k ṵ t a̰
ရမ်	j à ɴ
ရေယုန်	j è j ò ʊ ɴ
ဒြပ်ထု	d ə ɹ a ʔ tʰ ù
နိုင်ငံရေး	n à ɪ ɴ ŋ à ɴ j é
ပုသိမ်	p ə θ è ɪ ɴ
ခင်ဗျာ့	kʰ ɪ̀ ɴ b j a̰
ဒူးရင်းသီး	d ú j ɪ́ ɴ θ í
ဆောရီး	sʰ ɔ́ ɹ í
မြင်း	m j ɪ́ ɴ
ပစ္စည်းလေးပါး	p j ɪ ʔ s í l é b á
တောင်ကြီး	t à ʊ ɴ d͡ʑ í
လေထု	l è d ṵ
သုခ	θ ṵ kʰ a̰
တိုက်ခန်း	t a ɪ ʔ kʰ á ɴ
ညစ်	ɲ ɪ ʔ
ဗြဟ္မစိုရ်တရား	b j ə m ə z ò j t ə j á
ဇလဗေဒ	z ə l a̰ b è d a̰
ခရီး	kʰ ə j í
မှုတ်	m̥ o ʊ ʔ
ဝေလ	w è l a̰
ဆလိုဗားကီးယား	sʰ ə l ò b á k í j á
အလောင်း	ʔ ə l á ʊ ɴ
ဘာသာပြန်	b à ð à p j à ɴ
ဖြားယောင်း	pʰ j á j á ʊ ɴ
ချပ်	d͡ʑ a ʔ
ဗမာ	b ə m a̰
လှေး	l̥ é
တြိ	t ə ɹ ḭ
မှန်မှန်	m̥ à ɴ m̥ à ɴ
စုပ်စုပ်	s o ʊ ʔ s o ʊ ʔ
ရဝိန်	j ə w è ɪ ɴ
ပျိုး	p j ó
အာလူးဖုတ်	ʔ à l ú pʰ o ʊ ʔ
ဟောက်	h a ʊ ʔ
အမွှေးတိုင်	ʔ ə m̥ w é d à ɪ ɴ
ဗိုလ်မှူး	b ò m̥ ú
မုန်တိုင်း	m ò ʊ ɴ d á ɪ ɴ
ငချိတ်	ŋ ə t͡ɕʰ e ɪ ʔ
ဖားလောင်း	pʰ ə l á ʊ ɴ
ယွန်းယွန်း	j ʊ́ ɴ j ʊ́ ɴ
ဩဇာ	ʔ ɔ́ z à
တပေါင်း	d ə b á ʊ ɴ
ကျုပ်	t͡ɕ o ʊ ʔ
ဝေးကွာ	w é k w à
ဒြပ်စင်	d ə ɹ a ʔ s ɪ̀ ɴ
နဂါးမောက်သီး	n a̰ ɡ á m a ʊ ʔ θ í
ဒဂုံ	d ə ɡ ò ʊ ɴ
ထမင်းကြော်	tʰ ə m ɪ́ ɴ d͡ʑ ɔ̀
လစ်သူယေးနီးယား	l ɪ ʔ θ ù j é n í j á
မြေခွေး	m j è ɡ w é
ဘုရင်မ	b a̰ j ɪ̀ ɴ m a̰
ကြေးနန်း	t͡ɕ é n á ɴ
ဂိုင်ယာနာ	ɡ à ɪ ɴ j à n à
ဘုတ်	b o ʊ ʔ
မြင်းစားဂျုံ	m j ɪ́ ɴ z á d͡ʑ ò ʊ ɴ
ဝင်း	w ɪ́ ɴ
လတ်ဗီယာ	l a ʔ b ì j à
ပမာဏ	p ə m à n a̰
ထမင်းသုပ်	tʰ a̰ m ɪ́ ɴ θ o ʊ ʔ
လေ့ကျင့်ခန်း	l ḛ t͡ɕ ɪ̰ ɴ ɡ á ɴ
နေ့လယ်	n ḛ l ɛ̀
မေ	m è
ကာဇက်စတန်	k à z ɛ ʔ s ə t à ɴ
ဓာတ်ဆီ	d a ʔ sʰ ì
သီတင်း	ð ə d ɪ́ ɴ
မှတ်ကျောက်	m̥ a ʔ t͡ɕ a ʊ ʔ
တယ်လီဖုန်း	t ɛ̀ l ì pʰ ó ʊ ɴ
ဈေးချို	z é t͡ɕʰ ò
ပတ္တမြား	b ə d ə m j á
နည်းပညာ	n í p j ɪ̀ ɴ ɲ à
ဦးလေး	ʔ ú l é
ချွေး	t͡ɕʰ w é
ရတနာသုံးပါး	j ɛ̀ d ə n à θ ó ʊ ɴ b á
မနုပ်တာနီ	m ə n o ʊ ʔ t à n ì
ပန်းချီဆရာ	b ə d͡ʑ ì sʰ ə j à
ဒေသန္တရ	d è θ à ɴ t ə j a̰
ဘုရားကိုးဆူ	b ṵ j á k ó sʰ ù
ဝမ်းဆွဲ	w ʊ́ ɴ z w ɛ́
ကြံ	t͡ɕ à ɴ
ငှက်ဖျား	ŋ̊ ɛ ʔ pʰ j á
ဒိန်ချဉ်	d è ɪ ɴ d͡ʑ ɪ̀ ɴ
လိင်တံ	l è ɪ ɴ d à ɴ
အိမ်ရှေ့မင်း	ʔ è ɪ ɴ ʃ ḛ m ɪ́ ɴ
ဘကြီး	b a̰ d͡ʑ í
အတိုင်း	ʔ ə t á ɪ ɴ
ရှိ	ʃ ḭ
ခင်ဗျားတို့	kʰ ɪ̀ ɴ b j á d o̰
မလေး	m ə l é
ဓမ္မတာလာ	d ə m ə d à l à
ပူရ	p ù ɹ a̰
စက္ကန့်	s ɛ ʔ k a̰ ɴ
ခရိုအေးရှား	kʰ ə ɹ ò ʔ é ʃ á
ဝက်ဆီ	w ɛ ʔ sʰ ì
ရိပ်ရိပ်	j e ɪ ʔ j e ɪ ʔ
စက်သေနတ်	s ɛ ʔ θ ə n a ʔ
သောက်	θ a ʊ ʔ
လို	l ò
အရံဂြိုဟ်	ʔ ə j à ɴ d͡ʑ ò
ကကြီး	k a̰ d͡ʑ í
နှမ	n̥ ə m a̰
ရဝေ	j ə w è
အက်စစ်	ʔ ɛ ʔ s ɪ ʔ
ဆက်	sʰ ɛ ʔ
အသားညှပ်မုန့်	ʔ ə θ á ɲ̊ a ʔ m o̰ ʊ ɴ
မျှော်	m̥ j ɔ̀
ကျ	t͡ɕ a̰
အလို	ʔ ə l ò
အိုင်အိုင်	ʔ à ɪ ɴ ʔ à ɪ ɴ
ဘိုင်	b à ɪ ɴ
အထီး	ʔ ə tʰ í
မြောက်	m j a ʊ ʔ
ညောင်းကျရောဂါ	ɲ á ʊ ɴ t͡ɕ a̰ j ɔ́ ɡ à
လှည်းကူး	l̥ í k ú
ဟူးဟူး	h ú h ú
ရုက္ခစိုး	j o ʊ ʔ ɡ ə z ó
တံခွန်တိုင်	d ə ɡ ʊ̀ ɴ d à ɪ ɴ
အားလပ်ရက်	ʔ á l a ʔ j ɛ ʔ
ဘယာ	b ə j à
ပရိယာယ်	p ə ɹ ḭ j è
ဂြိုဟ်	d͡ʑ ò
လေကတော့	l è ɡ ə d ɔ̰
စွတ်ဖါး	s ʊ ʔ pʰ á
ပုဂံ	b ə ɡ à ɴ
အစုံအစုံ	ʔ ə s ò ʊ ɴ ʔ ə s ò ʊ ɴ
ထင်း	tʰ ɪ́ ɴ
ရှည်	ʃ è
စာရေး	s ə j é
ပေါင်	p à ʊ ɴ
အတွင်းခံ	ʔ ə t w ɪ́ ɴ ɡ à ɴ
မင်္ဂလသုတ်	m ɪ̀ ɴ ɡ ə l a̰ θ o ʊ ʔ
ချေ	t͡ɕʰ ì
အောက်မြစ်	ʔ a ʊ ʔ m j ɪ ʔ
ခြေထောက်	t͡ɕʰ è d a ʊ ʔ
ဆောင်ပုဒ်	sʰ à ʊ ɴ b o ʊ ʔ
တော်	t ɔ̀
မြဝတီ	m j a̰ w ə d ì
တီရှပ်	t ì ʃ a ʔ
ဆားဘီးယား	sʰ á b í j á
ဥပဓိရုပ်	ʔ ṵ p a̰ d ḭ j o ʊ ʔ
အကိုင်း	ʔ ə k á ɪ ɴ
သော့တံ	θ ɔ̰ d à ɴ
အီဂျစ်	ʔ ì d͡ʑ ɪ ʔ
ယောက်မ	j á ʊ ɴ m a̰
ဖြေဖျောက်	pʰ j è b j a ʊ ʔ
သားလောင်း	θ á l á ʊ ɴ
ကျွန်း	t͡ɕ ʊ́ ɴ
လူပျို	l ù b j ò
ရှား	ʃ á
လုပ်	l o ʊ ʔ
ဘဏ္ဍာ	b à n d à
မည်သူ	m ì ð ù
မရမာ	m ə ɹ ə m à
ကုသိုလ်ရှင်	k ṵ θ ò ʃ ɪ̀ ɴ
ကန်စွန်းဥ	ɡ ə z ʊ́ ɴ ʔ ṵ
လေးလံ	l é l à ɴ
ဆိုက်ကား	sʰ a ɪ ʔ k á
အသင်း	ʔ ə θ ɪ́ ɴ
အိုင်ဒီယာ	ʔ à ɪ ɴ d ì j à
ပုန်ကန်	p ò ʊ ɴ k à ɴ
မီးဖို	m í b ò
တညင်းသီး	d ə ɲ ɪ́ ɴ ð í
လှေကား	l̥ è ɡ á
ဂငယ်	ɡ a̰ ŋ ɛ̀
တနင်္ဂနွေ	t ə n ɪ̀ ɴ ɡ ə n w è
နှစ်ဆန်းတစ်ရက်	n̥ ɪ ʔ sʰ á ɴ t ə j ɛ ʔ
အခု	ʔ ə kʰ ṵ
မိုးရာသီ	m ó j à ð ì
ဒုတိယတပ်ကြပ်	d ṵ t ḭ j a̰ t a ʔ t͡ɕ a ʔ
အရှိန်	ʔ ə ʃ è ɪ ɴ
ကတ္တီပါ	ɡ ə d ì b à
ကိုရီးယား	k ò ɹ í j á
ဖွဲ့စည်းပုံ	pʰ w ɛ̰ z í b ò ʊ ɴ
ကထိန်	k ə tʰ è ɪ ɴ
ဟော်ကီ	h ɔ̀ k ì
ပလောင်	p ə l à ʊ ɴ
ဦးနှောက်	ʔ ó ʊ ɴ n̥ a ʊ ʔ
မိခင်	m ḭ ɡ ɪ̀ ɴ
ပေါ်ဆန်းမွှေး	p ɔ̀ sʰ á ɴ m̥ w é
အလွန်	ʔ ə l ʊ̀ ɴ
ဘလေး	b a̰ l é
အဝတ်လျှောက်စက်	ʔ ə w ʊ ʔ ʃ a ʊ ʔ s ɛ ʔ
တိုက်ပွဲ	t a ɪ ʔ p w ɛ́
ရေညှိ	j è ɲ̊ ḭ
အခွန်	ʔ ə kʰ ʊ̀ ɴ
ဖိလစ်ပိုင်	pʰ ḭ l ɪ ʔ p à ɪ ɴ
အစ္စရေး	ʔ ɪ ʔ z ə ɹ é
ဝီရိယ	w ə ɹ ḭ j a̰
ဟေမာန်	h è m à n
စာရွက်စာတမ်း	s à j w ɛ ʔ s à d á ɴ
သံစုံတီးဝိုင်း	θ à ɴ z ò ʊ ɴ t í w á ɪ ɴ
ဘက်	b ɛ ʔ
မလိုင်	m a̰ l à ɪ ɴ
ကိုလံဘီယာ	k ò l à ɴ b ì j à
အစေအပါး	ʔ ə s è ʔ ə p á
သူရဲ	θ ə j ɛ́
အားနာ	ʔ á n à
ဂန်ဒူး	ɡ à ɴ d ú
ဖရုံဆွဲ	pʰ ə j ò ʊ ɴ z w ɛ́
စက်ဘီး	s ɛ ʔ b é ɪ ɴ
တန်ခူး	d ə ɡ ú
နည်းနည်း	n ɛ́ n ɛ́
ရုပ်ကလာပ်	j o ʊ ʔ k ə l a ʔ
ကျေးဇူးတင်	t͡ɕ é z ú t ɪ̀ ɴ
မယ်သီတာ	m ɛ̀ θ ì d à
ဒြပ်	d ə ɹ a ʔ
အဂ္ဂမဟေသီ	ʔ ɛ ʔ ɡ a̰ m ə h è θ ì
နိုင်နိုင်	n à ɪ ɴ n à ɪ ɴ
ခမောက်	kʰ ə m a ʊ ʔ
ပခုံး	p ə kʰ ó ʊ ɴ
ဟယ်လီကော့ပတာ	h ɛ̀ l ì k ɔ̰ p ə t à
ဖားပြုပ်	pʰ ə b j o ʊ ʔ
လက်ဖက်	l ə pʰ ɛ ʔ
အာဖဂန်နစ်စတန်	ʔ à pʰ ə ɡ à ɴ n ɪ ʔ s ə t à ɴ
အစ္စလမ်	ʔ ɪ ʔ s ə l à ɴ
အဂတိ	ʔ a̰ ɡ ə d ḭ
ဆိုဖာ	sʰ ò pʰ à
ရွာစား	j w à z á
အညာသား	ʔ ə ɲ à ð á
စတုဂံ	s ə t ṵ ɡ à ɴ
အညီ	ʔ ə ɲ ì
မော်လ်ဒိုဗာ	m ɔ̀ l d ò b à
ဇော်ဂျီ	z ɔ̀ d͡ʑ ì
အမွှေး	ʔ ə m̥ w é
ကတွတ်ယို	k ə d ʊ ʔ j ò
အလျင်	ʔ ə j ɪ̀ ɴ
ဘဲလေး	b ɛ́ l é
စာရေးဆရာ	s à j é sʰ ə j à
ဝက်သားချဉ်	w ɛ ʔ θ á t͡ɕʰ ɪ̀ ɴ
သန်ကောင်	θ à ɴ ɡ à ʊ ɴ
ကွမ်းယာ	k ʊ́ ɴ j à
အမှာ	ʔ ə m̥ à
ပန်းယွန်း	p á ɴ j ʊ́ ɴ
ဒေသိယစကား	d è θ ḭ j a̰ z ə ɡ á
ဖြော်ဖြော်	pʰ j ɔ̀ b j ɔ̀
နဖူး	n a̰ pʰ ú
လိပ်ကျောက်	l e ɪ ʔ t͡ɕ a ʊ ʔ
အဘိုး	ʔ ə pʰ ó
ပြစ်မှု	p j ɪ ʔ m̥ ṵ
ဘရိတ်	b ə ɹ e ɪ ʔ
မွှေး	m̥ w é
ရှိုက်	ʃ a ɪ ʔ
သစ္စာ	θ ɪ ʔ s à
ယင်းမာ	j ɪ́ ɴ m à
မျက်နှာ	m j ɛ ʔ n̥ à
ဥယျာဉ်	ʔ ṵ j ɪ̀ ɴ
ကြောင်အိမ်	t͡ɕ à ʊ ɴ ʔ è ɪ ɴ
ရာသီ	j à ð ì
သူ့	θ ṵ
အီနောင်	ʔ ì n à ʊ ɴ
ငရုတ်ကောင်း	ŋ ə j o ʊ ʔ ɡ á ʊ ɴ
လမုန့်	l a̰ m o̰ ʊ ɴ
သံမဏိ	θ à ɴ m ə n ḭ
ပိုးလောင်း	p ó l á ʊ ɴ
အီးမေးလ်	ʔ í m é l
အင်ပါယာ	ʔ ɪ̀ ɴ p à j à
နာမ်စား	n à m z á
ကျောင်းသုံးစာအုပ်	t͡ɕ á ʊ ɴ ð ó ʊ ɴ s à ʔ o ʊ ʔ
လှဲ	l̥ ɛ́
ကူလီ	k ù l ì
သုဒ္ဒ	θ o ʊ ʔ d a̰
တည်း	tʰ ɛ́
ပင်စိမ်း	p ɪ̀ ɴ z é ɪ ɴ
ယူနိုက်တက်ကင်းဒမ်း	j ù n a ɪ ʔ t ɛ ʔ k ɪ́ ɴ d á ɴ
စွန်ကုပ်	s ʊ̀ ɴ ɡ o ʊ ʔ
ကောင်စစ်ဝန်	k à ʊ ɴ s ɪ ʔ w ʊ̀ ɴ
တူရိယာ	t ù ɹ ḭ j à
ပစ္ဆိမ	p j ɪ ʔ sʰ e ɪ ʔ m a̰
ဟီလီယမ်	h ì l ì j à ɴ
မေတ္တာ	m j ɪ ʔ t à
ကြွက်	t͡ɕ w ɛ ʔ
ဝမ်းကျ	w á ɴ d͡ʑ a̰
ကျောရိုး	t͡ɕ ɔ́ j ó
ညနေ	ɲ a̰ n è
ဂိုဏ်းအုပ်	ɡ ó n ʔ o ʊ ʔ
မဟာရဋ္ဌ	m ə h à j ə tʰ a̰
ဆလိုင်း	sʰ ə l á ɪ ɴ
ပျံ	p j à ɴ
လူသတ်သမား	l ù θ a ʔ ð ’ မ ာ
ပတ္တလား	p a ʔ t a̰ l á
မဂ္ဂဇင်း	m ɛ ʔ ɡ a̰ z ɪ̀ ɴ
တံငါ	t ə ŋ à
အာရှ	ʔ à ʃ a̰
ဗုံး	b ó ʊ ɴ
မည်း	m ɛ́
ဘူဂေးရီးယား	b ù ɡ é ɹ í j á
တိုက်အိမ်	t a ɪ ʔ ʔ è ɪ ɴ
အာဖရိက	ʔ à pʰ ə ɹ ḭ k a̰
ဘောပင်	b ɔ́ p ɪ̀ ɴ
ကက်သလစ်	k ɛ ʔ θ ə l ɪ ʔ
အော်ဒါ	ʔ ɔ̀ d à
ဝေး	w é
ရှင်ပြု	ʃ ɪ̀ ɴ p j ṵ
နန်းပြားသုပ်	n á ɴ b j á θ o ʊ ʔ
အစည်းအဝေး	ʔ ə s í ʔ ə w é
ဆီ	sʰ ì
ဝတ္ထု	w ʊ ʔ tʰ ṵ
ဂျာမနီ	d͡ʑ à m a̰ n ì
ခနုံထုပ်	kʰ a̰ n ò ʊ ɴ d o ʊ ʔ
စင်္ကာပူ	s ɪ̀ ɴ ɡ ə p ù
ရုက္ခဗေဒ	j o ʊ ʔ kʰ a̰ b è d a̰
ဂုဏ်	ɡ ù n
ဖမ်း	pʰ á ɴ
ထိုး	tʰ ó
တိုင်	t à ɪ ɴ
ခလုတ်ခုံ	kʰ ə l o ʊ ʔ kʰ ò ʊ ɴ
တောင်	t à ʊ ɴ
နှမ်း	n̥ á ɴ
ပရုတ်	p ə j o ʊ ʔ
မင်း	m ɪ́ ɴ
စနစ်	s ə n ɪ ʔ
ဓာတ်ပုံ	d a ʔ p ò ʊ ɴ
မာလီ	m à l ì
ကမာ	k ə m à
ခံစား	kʰ à ɴ z á
ပရိဒေဝ	p ə ɹ ḭ d è w a̰
အမျိုး	ʔ ə m j ó
သေခြင်း	θ è d͡ʑ ɪ́ ɴ
လှေ	l̥ è
ဆရာဝန်	sʰ a̰ j à w ʊ̀ ɴ
ပေါ်	b ɔ̀
ဟင်း	h ɪ́ ɴ
တပ်ကြပ်ကြီး	t a ʔ t͡ɕ a ʔ t͡ɕ í
ခမာ	kʰ ə m à
ဝသုန္ဓရာ	w ə θ ò ʊ ɴ d ə ɹ à
ဇမ်ဘီယာ	z à ɴ b ì j à
ရူပနက္ခတ္တဗေဒ	j ù p a̰ n ɛ ʔ kʰ a ʔ t a̰ b è d a̰
သာမိုမီတာ	θ à m ò m ì t à
မှတ်ဉာဏ်	m̥ a ʔ ɲ à n
အထိ	ʔ ə tʰ ḭ
ဒူးရင်းယို	d ú j ɪ́ ɴ j ò
အချွဲ	ʔ ə t͡ɕʰ w ɛ́
ဇာတိ	z à t ḭ
သက်ဦးဆံပိုင်	θ ɛ ʔ ʔ ú sʰ à ɴ b à ɪ ɴ
တောင်သူ	t à ʊ ɴ ð ù
ဘာ	b à
မြက်ခင်း	m j ɛ ʔ kʰ ɪ́ ɴ
ဂါဘွန်	ɡ à b ʊ̀ ɴ
နာနာ	n à n à
ရာဝဏ	ɹ à w ə n a̰
ကာလ	k à l a̰
အသွားအလာ	ʔ ə θ w á ʔ ə l à
မြှား	m̥ j á
ဆိတ်ထီး	sʰ e ɪ ʔ tʰ í
ဝီရ	w ì j a̰
ကြို့	t͡ɕ o̰
မန်နေဂျာ	m à ɴ n è d͡ʑ à
နယူးဇီလန်	n ə j ú z ì l à ɴ
မုန်း	m ó ʊ ɴ
ဂီတပညာ	ɡ ì t a̰ p a̰ ɲ à
ဗုဒ္ဓ	b o ʊ ʔ d a̰
ဆီထမင်း	sʰ ì tʰ ə m ɪ́ ɴ
ကော်ပီ	k ɔ̀ p ì
မြည်း	m j í
စကားဝှက်	z ə ɡ ə ʍ ɛ ʔ
ကာလီဖိုးနီးယား	k à l ì pʰ ó n í j á
ရုံ	j ò ʊ ɴ
ဇွန်	z ʊ̀ ɴ
ဘုရားကျောင်း	pʰ ə j á d͡ʑ á ʊ ɴ
မြက်ခြောက်	m j ɛ ʔ t͡ɕʰ a ʊ ʔ
နိုဝင်ဘာ	n ò w ɪ̀ ɴ b à
ကျောက်မီး	t͡ɕ a ʊ ʔ m í
စတုရန်း	s ə t ṵ j á ɴ
ဂျုံ	d͡ʑ ò ʊ ɴ
ဗိမာန်	b e ɪ ʔ m à ɴ
နိုး	n ó
အသုပ်	ʔ ə θ o ʊ ʔ
တိုးတက်	t ó t ɛ ʔ
မဏိ	m ə n ḭ
ဒက္ခိဏ	d ɛ ʔ kʰ ḭ n a̰
မိုတယ်	m ò t ɛ̀
ဥဇဘက်ကစ္စတန်	ʔ ṵ z ə b ɛ ʔ k ɪ ʔ s ə t à ɴ
ဘွားဘွား	pʰ w á pʰ w á
ဆိုက်ပရပ်စ်	sʰ a ɪ ʔ p ə ɹ a ʔ s
ခင်ဗျာ	kʰ ə m j à
ဂိုဏ်းချုပ်	ɡ á ɪ ɴ d͡ʑ o ʊ ʔ
ပြား	p j á
ဓလေ့	d ə l ḛ
ကောလိပ်	k ɔ́ l e ɪ ʔ
ရေခဲသေတ္တာ	j è ɡ ɛ́ θ ɪ ʔ t à
နံပါတ်	n à ɴ b a ʔ
အမဲလိုက်	ʔ ə m ɛ́ l a ɪ ʔ
စိတ်	s e ɪ ʔ
အီကွေတာ	ʔ ì k w è t à
တောင်သူလယ်သမား	t à ʊ ɴ ð ù l ɛ̀ ð ə m á
အခွင့်အရေး	ʔ ə kʰ w ɪ̰ ɴ ʔ ə j é
ကောက်ညှင်း	k a ʊ ʔ ɲ̊ ɪ́ ɴ
တက္ကသိုလ်	t ɛ ʔ k ə θ ò
ဗီဒီယို	b ì d ì j ò
ကျင်ကြီး	t͡ɕ ɪ̀ ɴ d͡ʑ í
အာဏာသိမ်း	ʔ à n à θ é ɪ ɴ
ကလမောင်း	k ə l ə m á ʊ ɴ
တက္ကဗေဒ	t ɛ ʔ k a̰ b è d a̰
သစ်ဆိမ့်	θ ɪ ʔ sʰ ḛ ɪ ɴ
လွတ်လပ်ခွင့်	l ʊ ʔ l a ʔ kʰ w ɪ̰ ɴ
ဂေါ်ဖီပန်း	ɡ ɔ̀ b ì p á ɴ
ချော်	t͡ɕʰ ɔ̀
ထောက်ခံ	tʰ a ʊ ʔ kʰ à ɴ
အစိမ်း	ʔ ə s é ɪ ɴ
ဝံ	w ʊ̀ ɴ
ထောင်သား	tʰ à ʊ ɴ ð á
ဂါထာ	ɡ à tʰ à
နယူးယောက်	n ə j ú j a ʊ ʔ
အထက်	ʔ ə tʰ ɛ ʔ
ပုထိုး	p ə tʰ ó
ကီးမား	k í m á
နား	n á
လက်ရန်း	l ɛ ʔ j á ɴ
ရူပ	j ù p a̰
ရုပ်	j o ʊ ʔ
ဗမာ့	b ə m a̰
ရှူ	ʃ ù
အနွယ်	ʔ ə n w ɛ̀
တရားလွှတ်တော်ချုပ်	t ə j á l̥ ʊ ʔ t ɔ̀ d͡ʑ o ʊ ʔ
စွင့်	s w ɪ̰ ɴ
မကြာမတင်	m ə t͡ɕ à m ə t ɪ̀ ɴ
ဓားအိမ်	d ə ʔ è ɪ ɴ
တောင်ဖက်ဝန်း	t à ʊ ɴ pʰ ɛ ʔ w ʊ́ ɴ
ရုပ်ရှင်ရုံ	j o ʊ ʔ ʃ ɪ̀ ɴ j ò ʊ ɴ
အဘွား	ʔ ə pʰ w á
ဂဠုန်	ɡ ə l ò ʊ ɴ
တေဇော	t è z ɔ́
ပိန္နဲ	p è ɪ ɴ n ɛ́
ထာဝရ	tʰ à w ə j a̰
ပြီးပြီ	p í b ì
တောင်း	t á ʊ ɴ
ကိန်း	k é ɪ ɴ
ဆန်ခါ	z ə ɡ à
အရီးကြီး	ʔ ə j í d͡ʑ í
ကြီးမား	t͡ɕ í m á
သံ	θ à ɴ
သင်္သကရိုက်	θ ɪ̀ ɴ θ ə k ə ɹ a ɪ ʔ
မက္ကဆီကို	m ɛ ʔ k ə sʰ ì k ò
ပဝါ	p a̰ w à
ပြင်း	p j ɪ́ ɴ
ကြက်ဆင်	t͡ɕ ɛ ʔ sʰ ɪ̀ ɴ
လူဝံ	l ù w ʊ̀ ɴ
သီးစုံချဉ်ရည်	θ í z ò ʊ ɴ t͡ɕʰ ɪ̀ ɴ j ì
ပလပ်စတစ်	p ə l a ʔ s ə t ɪ ʔ
လိင်	l è ɪ ɴ
ပြသ	p j a̰ θ a̰
ဥပါယ်	ʔ ṵ p ɛ̀
မျက်နှာကြက်	m j ɛ ʔ n̥ à d͡ʑ ɛ ʔ
ပါရှား	p à ʃ á
ပဉ္စလက်	p ɪ̀ ɴ s ə l ɛ ʔ
ဝရန်တာ	w ə ɹ à ɴ d à
နိယာမ	n ḭ j à m a̰
ကွန်ရက်	k ʊ̀ ɴ j ɛ ʔ
ဝသုန္ဓရေ	w ə θ ò ʊ ɴ d ə ɹ è
ထွန်စက်	tʰ ʊ̀ ɴ z ɛ ʔ
သမဂ္ဂ	θ a̰ m ɛ ʔ ɡ a̰
စကားပြောကြေးနန်း	z ə ɡ á b j ɔ́ t͡ɕ é n á ɴ
ကပ်ပါး	k a ʔ p á
ကတ်ကြေးကိုက်	k a ʔ t͡ɕ í k a ɪ ʔ
ချဒ်	t͡ɕʰ à d
အထက်သား	ʔ ə tʰ ɛ ʔ ð á
လှည့်	l̥ ɛ̰
စကား	z ə ɡ á
မာလကာသီး	m à l ə k à θ í
လဲ	l ɛ́
ပန်းတမော့	p á ɴ d ə m ɔ̰
အီကွေတာဂီနီ	ʔ ì k w è t à ɡ ì n ì
မီးတောင်	m í d à ʊ ɴ
မာတိကာ	m à t ḭ k à
အဘိဓာန်	ʔ ə b ḭ d à ɴ
သိပ်	θ e ɪ ʔ
ခန္ဓာငါးပါး	kʰ à ɴ d à ŋ á b á
သားသတ်ရုံ	θ á ð a ʔ j ò ʊ ɴ
ဘရာစီယာ	b ə ɹ à s ì j à
ပြည်ထောင်စုနေ့	p j ì d à ʊ ɴ z ṵ n ḛ
ဝိပဿနာ	w ḭ p a ʔ θ ə n à
ယမ်းမှုန့်	j á ɴ m̥ o̰ ʊ ɴ
ဂျုံမှုန့်	d͡ʑ ò ʊ ɴ m̥ o̰ ʊ ɴ
တချို့	t ə t͡ɕʰ o̰
ငွေ	ŋ w è
ကြက်ဆီထမင်း	t͡ɕ ɛ ʔ sʰ ì tʰ ə m ɪ́ ɴ
မျိုးစု	m j ó z ṵ
မြီးရှေ	m j í ʃ è
ထိုင်မသိမ်း	tʰ à ɪ ɴ m ə θ é ɪ ɴ
ခန္ဓာဗေဒ	kʰ à ɴ d à b è d a̰
ဆိတ်	sʰ e ɪ ʔ
အင်းဆက်	ʔ ɪ́ ɴ sʰ ɛ ʔ
ပုဆိန်	p ə sʰ è ɪ ɴ
ဂေဟဗေဒ	ɡ è h a̰ t a̰ b è d a̰
ဇိန	z ḭ n a̰
ထပ်	tʰ a ʔ
စုပ်	s o ʊ ʔ
ဂန္ထဝင်	ɡ à ɴ d ə w ɪ̀ ɴ
မဟာသိပ္ပံဘွဲ့	m ə h à θ e ɪ ʔ p à ɴ b w ɛ̰
တံပိုး	d ə b ó
ကျွန်တော်တို့	t͡ɕ ʊ̀ ɴ d ɔ̀ d o̰
မုဒ္ဓဇ	m ù d d ə z a̰
ပူတင်း	p ù t ɪ́ ɴ
စပျစ်	z ə b j ɪ ʔ
ဒိုင်နိုဆော	d à ɪ ɴ n ò sʰ ɔ́
အလေး	ʔ ə l é
ခြင်္သေ့မ	t͡ɕʰ ɪ̀ ɴ ð ḛ m a̰
ရှေ့	ʃ ḛ
လက်ဘနွန်	l ɛ ʔ b ə n ʊ̀ ɴ
ကြွ	t͡ɕ w a̰
သရဲ	θ ə j ɛ́
သဉ္ဇာလီ	θ ɪ̀ ɴ z à l ì
လင်း	l ɪ́ ɴ
ဒန်ပူ	d ə b ù
ဓမ္မတာ	d ə m ə d à
အာဏာရှင်	ʔ à n à ʃ ɪ̀ ɴ
နိုင်ငံခြား	n à ɪ ɴ ŋ à ɴ d͡ʑ á
ယခု	j ə kʰ ṵ
လက်သည်း	l ɛ ʔ θ ɛ́
အဝတ်အစား	ʔ ə w ʊ ʔ ʔ ə s á
သင်္ချိုင်း	θ ɪ̀ ɴ d͡ʑ á ɪ ɴ
ဆောင်း	sʰ á ʊ ɴ
မြက်	m j ɛ ʔ
ကြေးနီ	t͡ɕ é n ì
ဒဏ္ဍာရီ	d à n d à j ì
အစောင့်	ʔ ə s a̰ ʊ ɴ
တာရာ	t à j à
ဘရဏီ	b a̰ j ə n ì
မိဘမဲ့	m ḭ b a̰ m ɛ̰
ဒေါင်း	d á ʊ ɴ
ဆော့ဖ်ဝဲလ်	sʰ a ʊ ʔ w ɛ́
စရိုက်	z ə j a ɪ ʔ
ဘယ်လောက်	b ɛ̀ l a ʊ ʔ
ယောက်ဖ	j a ʊ ʔ pʰ a̰
နေကောင်းရဲ့လား	n è k á ʊ ɴ j ɛ̰ l á
ဂရု	ɡ ə j ṵ
အမျိုးသားသီချင်း	ʔ ə m j ó ð á θ ə t͡ɕʰ ɪ́ ɴ
ဘုရင်	b a̰ j ɪ̀ ɴ
ဘူမိရူပဗေဒ	b ù m ḭ j ù p a̰ b è d a̰
နံနက်စာ	n à ɴ n ɛ ʔ s à
သိုးဆောင်း	θ ó sʰ á ʊ ɴ
ဖာလူဒါ	pʰ à l ù d à
သလိပ်	θ ə l e ɪ ʔ
ဦးပဉ္စင်း	ʔ ú b ə z ɪ́ ɴ
အိုင်ယာလန်	ʔ à ɪ ɴ j ə l à ɴ
ပဲကြီး	p ɛ́ d͡ʑ í
စလွယ်	s ə l w è
ပန်း	p á ɴ
အပင်	ʔ ə p ɪ̀ ɴ
ပြု	p j ṵ
နံပြား	n à ɴ b j á
အချင်းဝက်	ʔ ə t͡ɕʰ ɪ́ ɴ w ɛ ʔ
ဆယ့်တစ်	sʰ ɛ̰ t ɪ ʔ
တိုဖူး	t ò pʰ ú
ဆရာသမား	sʰ a̰ j à θ ə m á
ဒန့်သလွန်	d a̰ ɴ ð ə l ʊ̀ ɴ
လံဗား	l à ɴ b á
မှုန့်	m̥ o̰ ʊ ɴ
အမိ	ʔ ə m ḭ
ဂိုဏ်းထောက်	ɡ ó n d a ʊ ʔ
သိဒ္ဓတ္ထ	θ e ɪ ʔ d a ʔ tʰ a̰
အဖိုးကြီး	ʔ ə pʰ ó t͡ɕ í
လင်းနို့	l ɪ́ ɴ n o̰
ဓားပြ	d ə m j a̰
မရဏ	m ə ɹ ə n a̰
ဒီဟာ	d ì h à
ပြန်	p j à ɴ
အမတ်	ʔ ə m a ʔ
အူ	ʔ ù
မကန်း	m ə ɡ á ɴ
ရေပိုက်	j è p a ɪ ʔ
ပလတ်	p ə l a ʔ
နာမ်	n à ɴ
ပုဆိုး	p ə sʰ ó
တောသား	t ɔ́ ð á
ဧည့်သည်	ʔ ḛ ð è
ဆင်း	sʰ ɪ́ ɴ
ပါရီ	p à ɹ ì
ဥက္ကဌ	ʔ o ʊ ʔ k ə θ a̰
ရဲစခန်း	j ɛ́ s ə kʰ á ɴ
ဟိမဝန္တာ	h ḭ m a̰ w ʊ̀ ɴ t à
မေးခိုင်ရောဂါ	m é kʰ à ɪ ɴ j ɔ́ ɡ à
ဆူး	sʰ ú
လျှပ်စီး	l̥ j a ʔ s í
မော်လီကျူး	m ɔ̀ l ì t͡ɕ ú
ဆိပ်ကမ်း	sʰ e ɪ ʔ k á ɴ
နယ်သာလန်	n ɛ̀ ð ə l à ɴ
ဘင်္ဂလားဒေ့ရှ်	b ɪ̀ ɴ l á d ḛ ʃ
တပေါင်းလပြည့်နေ့	d ə b á ʊ ɴ l a̰ p j ḭ n ḛ
စစ်တပ်	s ɪ ʔ t a ʔ
ဘိုင်စကယ်	b à ɪ ɴ s ə k ɛ̀
ဒူးလေး	d ú l é
ခြင်းလုံး	t͡ɕʰ ɪ́ ɴ l ó ʊ ɴ
အဖွဲ့ချုပ်	ʔ ə pʰ w ɛ̰ d͡ʑ o ʊ ʔ
ပြည်ထောင်စုလွှတ်တော်	p j ì d à ʊ ɴ z ṵ l̥ ʊ ʔ t ɔ̀
အင်တာဗျူး	ʔ ɪ̀ ɴ t ə b j ú
သုံးဆောင်	θ ó ʊ ɴ sʰ à ʊ ɴ
အသား	ʔ ə θ á
သဲ	θ ɛ́
အစီအစဉ်	ʔ ə s ì ʔ ə s ɪ̀ ɴ
မုံ	m ò ʊ ɴ
ကျိန်း	t͡ɕ é ɪ ɴ
သတင်းစာဆရာ	ð ə d ɪ́ ɴ z à sʰ ə j à
မုန်ညှင်းဖြူ	m ò ʊ ɴ ɲ̊ ɪ́ ɴ b j ù
ဓားပြား	d ə b j á
သောင်း	θ á ʊ ɴ
အရာခံဗိုလ်	ʔ ə j à ɡ à ɴ b ò
ရေသူ	j è ð ù
ဒေါက်တာ	d a ʊ ʔ t à
စောစော	s ɔ́ z ɔ́
နာနတ်	n ə n a ʔ
အဘိုးကြီး	ʔ ə pʰ ó d͡ʑ í
နံနက်	n à ɴ n ɛ ʔ
စက်တင်ဘာ	s ɛ ʔ t ɪ̀ ɴ b à
ထမနဲ	tʰ a̰ m a̰ n ɛ́
မျော	m j ɔ́
တုတ်မီး	d o ʊ ʔ m í
ဆာယာ	sʰ à j à
တဲ	t ɛ́
ပြည့်	p j ḛ
တင်ဒါ	t ɪ̀ ɴ d à
ဒေါ်ကြီး	d ɔ̀ d͡ʑ í
စားတော်ဆက်	s á d ɔ̀ z ɛ ʔ
ပုစဉ်း	b ə z ɪ́ ɴ
ငါးပိ	ŋ ə p ḭ
ရေကတော့	j è ɡ ə d ɔ̰
သို့ရာတွင်	ð o̰ j à d w ɪ̀ ɴ
ဘုမ္မစိုး	b ò ʊ ɴ m ə z ó
ဝါခေါင်	w à ɡ à ʊ ɴ
ကာဗွန်	k à b ʊ̀ ɴ
ကွန်ဖရင့်	k ʊ̀ ɴ pʰ ə ɹ ɪ̰ ɴ
ဂွါတီမာလာ	ɡ w à t ì m à l à
တာ့ခ်မင်နစ္စတန်	t a̰ kʰ m ɪ̀ ɴ n ɪ ʔ s ə t à ɴ
ချို	t͡ɕʰ ò
အင်္ဂလန်	ʔ ɪ̀ ɴ ɡ ə l à ɴ
ပါ	p à
ငါးပေါင်းထုပ်	ŋ ə b á ʊ ɴ d o ʊ ʔ
ကချေသည်	k a̰ d͡ʑ è ð è
ဆိုဒီယမ်	sʰ ò d ì j à ɴ
အဲဒီ	ʔ ɛ́ d ì
ရေငွေ့	j è ŋ w ḛ
အာလယ	ʔ à l ə j a̰
အချိုပွဲ	ʔ ə t͡ɕʰ ò b w ɛ́
စန္ဒြာ	s à ɴ d ɹ à
သဲကျောက်	θ ɛ́ d͡ʑ a ʊ ʔ
ဆီချက်	sʰ ì d͡ʑ ɛ ʔ
လူဝင်မှုကြီးကြပ်ရေး	l ù w ɪ̀ ɴ m̥ ṵ t͡ɕ í t͡ɕ a ʔ j é
ကျက်သရေ	t͡ɕ ɛ ʔ θ ə j è
စီးကရက်	s í k ə ɹ ɛ ʔ
သင်္ကြန်မိုး	θ ɪ̀ ɴ d͡ʑ à ɴ m ó
ကတိ	ɡ ə d ḭ
ဆာရီ	sʰ à ɹ ì
အင်ဂိုလာ	ʔ ɪ̀ ɴ ɡ ò l à
ရိုင်ဖယ်	ɹ à ɪ ɴ pʰ ɛ̀
တရားလွှတ်တော်	t ə j á l̥ ʊ ʔ t ɔ̀
ချိုချဉ်	t͡ɕʰ ò t͡ɕʰ ɪ̀ ɴ
ဈာပန	z à p ə n a̰
ရေလက်ဝါး	j è l ɛ ʔ w á
အာကာသယာဉ်	ʔ à k à θ a̰ j ɪ̀ ɴ
ဖယောင်း	pʰ ə j á ʊ ɴ
နှစ်	n̥ ɪ ʔ
အမ	ʔ ə m a̰
ပေါင်းဖို	p á ʊ ɴ b ò
မက်စီဒိုးနီးယား	m ɛ ʔ s ì d ó n í j á
ဥပဒေ	ʔ ṵ b a̰ d è
သုပ်	θ o ʊ ʔ
အကျည်းတန်	ʔ ə t͡ɕ í t à ɴ
ကြာညို့	t͡ɕ à ɲ o̰
ယဝဒီပ	j a̰ w a̰ d ì p a̰
စကတ်	s ə k a ʔ
ဆိုး	sʰ ó
အထိန်း	ʔ ə tʰ é ɪ ɴ
သံပြိုင်	θ à ɴ b j à ɪ ɴ
အကြော်	ʔ a̰ t͡ɕ ɔ̀
ချိုး	t͡ɕʰ ó
မဲဇလီ	m ɛ́ z ə l ì
ပြွတ်	p j ʊ ʔ
မွာချီး	m w à t͡ɕʰ í
ဒဏ်ရာ	d à ɴ j à
နိခါတကဗေဒ	n ḭ kʰ à t ə k a̰ b è d a̰
သော့	θ ɔ̰
ပြီ	p j ì
အမြစ်	ʔ ə m j ɪ ʔ
ခြေ	t͡ɕʰ è
ခုံတန်းလျား	kʰ ò ʊ ɴ t á ɴ j á
ပေါ့	p ɔ̰
ကျောပိုးအိတ်	t͡ɕ ɔ́ b ó ʔ e ɪ ʔ
ရိုင်ရိုင်	j à ɪ ɴ j à ɪ ɴ
ခေါက်ဆွဲဆိုင်	kʰ a ʊ ʔ sʰ w ɛ́ z à ɪ ɴ
စိုထိုင်း	s ò tʰ á ɪ ɴ
လှ	l̥ a̰
ဗဟုသုတ	b ə h ṵ θ ṵ t a̰
ဗျစ်	b j ɪ ʔ
စမူဆာသုပ်	s ə m ù z à θ o ʊ ʔ
အကို	ʔ ə k ò
မောင်တော	m à ʊ ɴ t ɔ́
မုစလိန္ဒ	m ṵ s ə l è ɪ ɴ d a̰
ရာစု	j à z ṵ
တိုးနရား	t ó n ə j á
ကဒ်	k à d
အင်ဒိုနီးရှား	ʔ ɪ̀ ɴ d ò n í ʃ á
ဆိုဗီယက်	sʰ ò b ì j ɛ ʔ
နေပြည်တော်	n è p j ì d ɔ̀
ဒွိ	d w ḭ
ဆံတော်ချ	sʰ à ɴ t ɔ̀ t͡ɕʰ a̰
သံလိုက်စက်ကွင်း	θ à ɴ l a ɪ ʔ s ɛ ʔ k w ɪ́ ɴ
နိုင်ငံခြားသား	n à ɪ ɴ ɡ à ɴ d͡ʑ á ð à
အနိစ္စ	ʔ ə n è s s a̰
အာဝါဟဝိဝါဟ	ʔ à w à h a̰ w ḭ w à h a̰
ရောင်	j à ʊ ɴ
ကင်ညာ	k ɪ̀ ɴ ɲ à
စားဖို	s ə pʰ ò
အရောင်းအဝယ်	ʔ ə j á ʊ ɴ ʔ ə w ɛ̀
နှစ်ရာ	n̥ ə j à
တရား	t ə j á
မြင်းခွာ	m j ɪ́ ɴ kʰ w à
နတ်ဆိုး	n a ʔ sʰ ó
ပြွန်	p j ʊ̀ ɴ
ဗိုလ်ကြီး	b ò d͡ʑ í
ယုတ္တိဗေဒ	j o ʊ ʔ t ḭ b è d a̰
ယာဉ်ရပ်	j ɪ̀ ɴ j a ʔ
မာန်အောင်	m à n ʔ à ʊ ɴ
ဆွစ်ဇာလန်	sʰ w ɪ ʔ z ə l à ɴ
ပြင်ပြင်	p j ɪ̀ ɴ b j ɪ̀ ɴ
ဟင်းရည်	h ɪ́ ɴ j è
ဟင့်အင်း	h ɪ̰ ɴ ʔ ɪ́ ɴ
သန္ဓေ	θ à ɴ d è
ဩဇာသီး	ʔ ɔ́ z à θ í
သိပ္ပံ	θ e ɪ ʔ p à ɴ
ဗိုလ်မှူးချုပ်	b ò m̥ ú d͡ʑ o ʊ ʔ
ဗိုင်း	b á ɪ ɴ
ပြုပြင်	p j ṵ b j ɪ̀ ɴ
အနန္တ	ʔ ə n à ɴ d a̰
အက်တမ်	ʔ ɛ ʔ t à ɴ
ပဇာ	b ə z à
ပျံတော်မူ	p j à ɴ t ɔ̀ m ù
ကြောင့်	d͡ʑ a̰ ʊ ɴ
ဝမ်းနည်း	w á ɴ n é
ခွဲ	kʰ w ɛ́
အရက်ဆိုင်	ʔ ə j ɛ ʔ sʰ à ɪ ɴ
သား	θ á
ကူ	k ù
တာဂျစ်ကစ္စတန်	t à d͡ʑ ɪ ʔ k ɪ ʔ s ə t à ɴ
ကြေးစည်	t͡ɕ é z ì
ဘိုးဘိုး	pʰ ó pʰ ó
ရေး	j é
ကျောက်	t͡ɕ a ʊ ʔ
ဗော့ဒ်ကာ	b ɔ̰ d k à
ကလေး	kʰ ə l é
လင်မယား	l ɪ̀ ɴ m ə j á
ကင်းပုံ	k ɪ́ ɴ b ò ʊ ɴ
ခြေအိတ်	t͡ɕʰ è ʔ e ɪ ʔ
ဝမ်း	w ʊ́ ɴ
ဇာ	z à
ဆစ်ဒနီ	sʰ ɪ ʔ d ə n ì
စပါးလင်	z ə b ə l ɪ̀ ɴ
ရွှေရင်အေး	ʃ w è j ɪ̀ ɴ ʔ é
ဝိပတ္တိတရားလေးပါး	w ḭ p a ʔ t ḭ t ə j á l é b á
အောက်ဆီဂျင်	ʔ a ʊ ʔ sʰ ì d͡ʑ ɪ̀ ɴ
သံဖြူ	θ à ɴ b j ù
သန်း	θ á ɴ
ဖောက်သည်	pʰ a ʊ ʔ θ è
နည်း	n ɛ́
ကျန်	t͡ɕ à ɴ
မြန်မာ့	m j à ɴ m a̰
တင့်ကား	t ɪ̰ ɴ k á
နိုင်ဂျီးရီးယား	n à ɪ ɴ d͡ʑ í ɹ í j á
လက္ခဏာရေးသုံးပါး	l ɛ ʔ kʰ ə n à j é θ ó ʊ ɴ b á
အရွက်	ʔ ə j w ɛ ʔ
သဘာပတိ	θ ə b à p ə t ḭ
ဒီဗီဒီ	d ì b ì d ì
နာဂရီ	n à ɡ ə ɹ ì
ဖြောင့်	pʰ j a̰ ʊ ɴ
လက်ပံ	l ɛ ʔ p à ɴ
မီးခတ်	m í ɡ a ʔ
ဂင်္ဂါ	ɡ ɪ̀ ɴ ɡ à
အမှုန်	ʔ ə m̥ ò ʊ ɴ
မာရ်	m à
ရွှဲ	ʃ w ɛ́
ကြယ်	t͡ɕ ɛ̀
စပွတ်နစ်	s ə p ʊ ʔ n ɪ ʔ
ဝက်အူ	w ɛ ʔ ʔ ù
ဟိုင်းအီနာကောင်	h á ɪ ɴ ʔ ì n à k à ʊ ɴ
အဖြေ	ʔ ə pʰ j è
ညီအစ်ကို	ɲ ì ʔ ə k ò
ဥရောပ	ʔ ṵ ɹ ɔ́ p a̰
ကပ္ပလီ	k a ʔ p ə l ì
ရှူးဖိနပ်	ʃ ú pʰ ə n a ʔ
ပု	p ṵ
ဒေဝီ	d è w ì
မေတ္တေယျ	m j ɪ ʔ t è j a̰
အန်တီ	ʔ à ɴ t ì
ဂင်းနီဗစ်ဆော	ɡ ɪ́ ɴ n ì b ɪ ʔ sʰ ɔ́
နာမ	n à m a̰
ကနခို	k ə n ə kʰ ò
အတိုး	ʔ ə t ó
လက်ဝါး	l ɛ ʔ w á
ဆေးလုံး	sʰ é l ó ʊ ɴ
ဩဌဇ	ʔ ɔ́ tʰ ə z a̰
ခရုပက်ကျိ	kʰ ə j ṵ p ɛ ʔ t͡ɕ ḭ
ရန်	j à ɴ
ကျွန်မတို့	t͡ɕ ʊ̀ ɴ m a̰ d o̰
ရာဇ	j à z a̰
သီလ	θ ì l a̰
ခဲတံ	kʰ ɛ́ d à ɴ
လိုက်ဘေးရီးယား	l a ɪ ʔ b é ɹ í j á
အကြေး	ʔ ə t͡ɕ é
ဆိုမာလီယာ	sʰ ò m à l ì j à
ဆီနီဂေါ	sʰ ì n ì ɡ ɔ́
ပြုံယမ်း	p j ò ʊ ɴ j á ɴ
ကျွန်းကလေး	t͡ɕ ʊ́ ɴ ɡ ə l é
ဂိရိမေခလာ	ɡ ḭ ɹ ḭ m è kʰ ə l à
လက်ဖက်ရည်ဆိုင်	l ə pʰ ɛ ʔ j è z à ɪ ɴ
သွင်သွင်	θ w ɪ̀ ɴ ð w ɪ̀ ɴ
အန္တရာယ်	ʔ à ɴ d ə j ɛ̀
ထိကပေါက်	tʰ ḭ ɡ ə b a ʊ ʔ
မဲဆန္ဒနယ်	m ɛ́ sʰ à ɴ d a̰ n ɛ̀
ဆေးဆိုင်	sʰ é z à ɪ ɴ
ဝီစကီ	w ì s ə k ì
တရားခံ	t ə j ə kʰ à ɴ
နှမ်းစေ့	n̥ á ɴ z ḛ
သကုဏဗေဒ	θ a̰ k ṵ n a̰ b è d a̰
တိုဟူး	t ò h ú
ကျန်း	t͡ɕ á ɴ
လီဆိုသို	l ì sʰ ò θ ò
အုန်းမှန်ကူ	ʔ ó ʊ ɴ m̥ à ɴ ɡ ù
အာရပ်	ʔ à ɹ a ʔ
ဆေးခန်း	sʰ é kʰ á ɴ
ဒူးဝါး	d ú w á
ဖက်	pʰ ɛ ʔ
ဟိန္ဒီ	h è ɪ ɴ d ì
ဆာ	sʰ à
တိတ်	t e ɪ ʔ
မုတ်ဆိတ်	m o ʊ ʔ sʰ e ɪ ʔ
အင်းကျီ	ʔ ɪ́ ɴ d͡ʑ ì
ကမ္ဘာ	ɡ ə b à
ဇစ်	z ɪ ʔ
ပဏ္ဏာ	p ə n à
ဆား	sʰ á
ရွှံ့	ʃ ʊ̰ ɴ
အစေ့	ʔ ə s ḭ
ရာဘ	j à b a̰
ကျေးဇူးရှင်	t͡ɕ é z ú ʃ ɪ̀ ɴ
ပသျှူးရာမ	p ə ʃ ú j à m a̰
နိဒါန်း	n ḭ d á ɴ
ဟောင်ကောင်	h à ʊ ɴ k à ʊ ɴ
ပေါက်စီ	p a ʊ ʔ s ì
ဧပြီ	ʔ è b j ì
ဒွိလိင်	d w ḭ l è ɪ ɴ
စာကြည့်တိုက်	s à t͡ɕ ḭ d a ɪ ʔ
လိုချင်	l ò d͡ʑ ɪ̀ ɴ
ရုရှား	ɹ ṵ ʃ á
ရဟတ်	j ə h a ʔ
ဦးထုပ်	ʔ o ʊ ʔ tʰ o ʊ ʔ
အထိမ်းအမှတ်	ʔ ə tʰ é ɪ ɴ ʔ ə m̥ a ʔ
အမွေး	ʔ ə m w é
အက္ခရာ	ʔ ɛ ʔ kʰ ə j à
ဘိန်း	b é ɪ ɴ
နမ်း	n á ɴ
လမု	l ə m ṵ
မင်	m̥ ɪ̀ ɴ
အာနီ	ʔ à n ì
ရှမ်း	ʃ á ɴ
ထဘီ	tʰ ə m ì
ပိုးတောင်မာ	p ó d à ʊ ɴ m à
ဂဏန်း	ɡ ə n á ɴ
သဇင်	ð ə z ɪ̀ ɴ
ကာတွန်း	k à t ʊ́ ɴ
လက်ကောက်	l ɛ ʔ k a ʊ ʔ
အမေရိက	ʔ ə m è ɹ ḭ k a̰
ရှေ့နေ	ʃ ḛ n è
ပထမဘွဲ့	p a̰ tʰ ə m a̰ b w ɛ̰
တိုင်းရင်းသား	t á ɪ ɴ j ɪ́ ɴ ð á
ဝတ်	w ʊ ʔ
ကြက်မောက်	t͡ɕ ɛ ʔ m a ʊ ʔ
မိထွေး	m ḭ d w é
ဗိုလ်	b ò
ဒု	d ṵ
နဝရူပ	n a̰ w a̰ j ù p a̰
အမြောက်	ʔ ə m j a ʊ ʔ
ယတြာ	j ə d ə j à
မိ	m ḭ
ပုဂ္ဂိုလ်	p o ʊ ʔ ɡ ò
ဖောက်	pʰ a ʊ ʔ
ဘတ်ဂျက်	b a ʔ d͡ʑ ɛ ʔ
ထန်း	tʰ á ɴ
အိမ်ထောင်ပြု	ʔ è ɪ ɴ d à ʊ ɴ p j ṵ
ဗျုပ္ပတ်	b j o ʊ ʔ p a ʔ
ဓနု	d ə n ṵ
အကာ	ʔ ə k à
ဆံပင်တု	z ə b ɪ̀ ɴ d ṵ
ဘတ်	b a ʔ
သပိတ်	ð ə b e ɪ ʔ
မြေဖြူခဲ	m j è b j ù ɡ ɛ́
အဏ္ဏဝါဗေဒ	ʔ à n n ə w à b è d a̰
ဖက်ရှင်	pʰ ɛ ʔ ʃ ɪ̀ ɴ
ဟနူမာန်	h ə n ù m à n
အမာ	ʔ a̰ m à
အာယုဗ္ဗေဒ	ʔ à j o ʊ ʔ b è d a̰
အစ်	ʔ ɪ ʔ
ဖရဲ	pʰ ə j ɛ́
မဟာဂီတ	m ə h à ɡ ì t a̰
တိုးတိုး	t ó d ó
နို့ဆီ	n o̰ z ì
ရောဂါ	j ɔ́ ɡ à
အသုံးပြု	ʔ ə θ ó ʊ ɴ p j ṵ
ခွာနာလျှာနာ	kʰ w à n à ʃ à n à
ဣန္ဒာ	ʔ ḭ n d à
စက္ကူ	s ɛ ʔ k ù
ဆံ	sʰ à ɴ
နှစ်ဆန်းတစ်ရက်နေ့	n̥ ɪ ʔ sʰ á ɴ t ə j ɛ ʔ n ḛ
အီရတ်	ʔ ì ɹ a ʔ
ပအို့ဝ်	p ə ʔ o̰
ဝီကီပိဒိယ	w ì k ì p ḭ d ḭ j a̰
ဒီနေ့	d ì n ḛ
နွားနို့	n w á n o̰
လိပ်	l e ɪ ʔ
ငှါး	ŋ̊ á
ဘိက္ခူ	b e ɪ ʔ kʰ ù
ညံစာစာ	ɲ à ɴ s à z à
ဝတ်ကျောင်း	w ʊ ʔ t͡ɕ á ʊ ɴ
ဖွဲ့စည်းပုံအခြေခံဥပဒေ	pʰ w ɛ̰ z í b ò ʊ ɴ ʔ ə t͡ɕʰ è ɡ à ɴ ʔ ṵ b ə d è
ကိုယ်စားလှယ်	k ò j z ə l̥ ɛ̀
ဘူးသီးတောင်	b ú ð í d à ʊ ɴ
အာလာပသလ္လာပ	ʔ à l à p a̰ θ ə l à p a̰
ချော	t͡ɕʰ ɔ́
ပျဉ်းကတိုး	p j ɪ́ ɴ ɡ ə d ó
နရက်	n ə ɹ ɛ ʔ
ဝိုင်	w à ɪ ɴ
ဂန်ဂျာ	ɡ à ɴ d͡ʑ à
နာမည်	n à m j ì
ပဲခူး	b ə ɡ ó
ဘီလာရုဇ်	b ì l à ɹ ù z
ဖက်ဝန်း	pʰ ɛ ʔ w ʊ́ ɴ
ဗို့အား	b o̰ ʔ á
မုဆိုးမ	m ṵ sʰ ó m a̰
ခေါင်းလောင်း	kʰ á ʊ ɴ l á ʊ ɴ
အလုံး	ʔ ə l ó ʊ ɴ
နှုတ်	n̥ o ʊ ʔ
ဇင်းမယ်	z ɪ́ ɴ m ɛ̀
ဉာဏ်ပူဇော်ခ	ɲ à n p ù z ɔ̀ kʰ a̰
အယ်လ်ဘေးနီးယား	ʔ ɛ̀ l b é n í j á
ခြေသည်း	t͡ɕʰ è ð é
လက်မှတ်	l ɛ ʔ m̥ a ʔ
ကပ်ကြီးသုံးပါး	k a ʔ d͡ʑ í θ ó ʊ ɴ b á
တံခွန်	d ə ɡ ʊ̀ ɴ
တင်းတင်း	t ɪ́ ɴ t ɪ́ ɴ
ဇီဝ	z ì w a̰
ဆေးဘဲဥ	sʰ é b ɛ́ ʔ ṵ
သနပ်	θ ə n a ʔ
ဝါဒ	w à d a̰
နိဗ္ဗာန်	n e ɪ ʔ b à ɴ
ကစားစရာ	ɡ ə z á z ə j à
မာလာဟင်း	m à l à h ɪ́ ɴ
သျှင်	ʃ ɪ̀ ɴ
ကုလားအုတ်	k ə l ə ʔ o ʊ ʔ
ပလူတိုနီယမ်	p ə l ù t ò n ì j à ɴ
ကပ်	k a ʔ
တူမ	t ù m a̰
ဟားခါး	h á kʰ á
မီးခေါင်း	m í ɡ á ʊ ɴ
ချောင်	t͡ɕʰ à ʊ ɴ
ဗက်တီးရီးယား	b ɛ ʔ t í ɹ í j á
သု	θ ṵ
ပဲဆီ	p ɛ́ z ì
မတ်မတ်	m a ʔ m a ʔ
ဝန်ကြီးဌာန	w ʊ̀ ɴ d͡ʑ í tʰ à n a̰
စားပွဲ	z ə b w ɛ́
ချွေးမ	t͡ɕʰ w é m a̰
လဲ့လဲ့	l ɛ̰ l ɛ̰
ဇူလိုင်	z ù l à ɪ ɴ
အဖုံး	ʔ ə pʰ ó ʊ ɴ
ပြည်သူ့ဆိုင်	p j ì ð ṵ sʰ à ɪ ɴ
သုတ	θ ṵ t a̰
အသားမာ	ʔ ə θ ə m à
မုန့်	m o̰ ʊ ɴ
မိုင်	m à ɪ ɴ
ရပ်	j a ʔ
တော်သလင်း	t ɔ̀ ð ə l ɪ́ ɴ
အန်	ʔ à ɴ
မုန့်ကွမ်းယာ	m o̰ ʊ ɴ k ʊ́ ɴ j à
သဒ္ဓါ	θ à d d à
ဥစ္စာ	ʔ o ʊ ʔ s à
ကောင်တာ	k à ʊ ɴ t à
ကျိုက္ခမီ	t͡ɕ a ɪ ʔ kʰ ə m ì
ခြောက်	t͡ɕʰ a ʊ ʔ
ဒေါ်လာ	d ɔ̀ l à
ရေမွှေး	j è m̥ w é
ပုလိပ်	p ə l e ɪ ʔ
လူတော	l ù d ɔ́
တံခါး	d ə ɡ á
ပီစီ	p ì s ì
ကြယ်တံခွန်	t͡ɕ ɛ̀ d ə ɡ ʊ̀ ɴ
လိမ်းဆေး	l é ɪ ɴ z é
ဒါပါပဲ	d à b à b ɛ́
ဂေါတမ	ɡ ɔ́ t ə m a̰
သမ္ဗန္ဓ	θ à ɴ b à ɴ d a̰
အတွင်းရန်	ʔ ə t w ɪ́ ɴ j à ɴ
အောက်လွှတ်တော်	ʔ a ʊ ʔ l̥ ʊ ʔ t ɔ̀
ဖိနပ်	pʰ ə n a ʔ
ဩကာသ	ʔ ɔ́ ɡ à θ a̰
ဟိုတယ်	h ò t ɛ̀
သင်ကြား	θ ɪ̀ ɴ t͡ɕ á
စာ	s à
ပါပူအာနယူးဂီနီ	p à p ù ʔ à n ə j ú ɡ ì n ì
မီးယပ်	m í j a ʔ
ပဉ္စင်း	b ə z ɪ́ ɴ
မွေးနေ့	m w é n ḛ
ပျော်ပျော်	p j ɔ̀ b j ɔ̀
လုပ်သား	l o ʊ ʔ θ á
ထီ	tʰ ì
လက်သုတ်ပဝါ	l ɛ ʔ θ o ʊ ʔ p a̰ w à
ကော	ɡ ɔ́
ပုလင်း	p ə l ɪ́ ɴ
ဂိုဒေါင်	ɡ ò d à ʊ ɴ
ကုလားပဲ	k ə l ə p ɛ́
အရိမဒ္ဒနာပူရ	ʔ a̰ ɹ ḭ m à d d ə n à p ù ɹ a̰
သံတွဲ	θ à ɴ d w ɛ́
ပရိုဂျက်	p ə ɹ ò d͡ʑ ɛ ʔ
တန	t a̰ n a̰
ဒွာရ	d w à j a̰
ခရု	kʰ ə j ṵ
ကိုင်	k à ɪ ɴ
သုတေသန	θ ṵ t è θ ə n a̰
ပိုး	p ó
သစ်တို	θ ɪ ʔ t ò
ဆိုကရေးတီး	sʰ ò k a̰ j é t í
တောင်ပံ	t à ʊ ɴ b à ɴ
ယွန်း	j ʊ́ ɴ
ဈာန်	z à n
ပို့	p o̰
ပါး	p á
ကောက်ညှင်းပေါင်း	k a ʊ ʔ ɲ̊ ɪ́ ɴ b á ʊ ɴ
သတင်းစာ	ð ə d ɪ́ ɴ z à
သဲ့သဲ့	θ ɛ̰ ð ɛ̰
ယသောဓရာ	j a̰ θ ɔ́ d ə j à
ဓာတ်မီးခြစ်	d a ʔ m í d͡ʑ ɪ ʔ
အချိန်	ʔ ə t͡ɕʰ è ɪ ɴ
ကိလေသာ	k ḭ l è θ à
ခုနစ်	kʰ ʊ̀ ɴ n̥ ɪ ʔ
လမ်း	l á ɴ
ရေသူမ	j è ð ù m a̰
ယမ်း	j á ɴ
ကော်လာ	k ɔ̀ l à
ဗုဒ္ဓသာသနာ	θ à ð ə n à
နာ	n à
သဒ္ဒါဆယ်ပါး	ð ə d à sʰ ɛ̀ b á
မှို	m̥ ò
စိတ်ဓာတ်	s e ɪ ʔ d à t
စစ်သား	s ɪ ʔ θ á
ဆီပြန်	sʰ ì b j à ɴ
မော်တော်ဆိုင်ကယ်	m ɔ̀ t ɔ̀ sʰ à ɪ ɴ k ɛ̀
ခေါက်ဆွဲ	kʰ a ʊ ʔ sʰ w ɛ́
ဟာနွိုင်း	h à n w á ɪ ɴ
တမန်	t ə m à ɴ
ကောင်	k à ʊ ɴ
အဇာဘိုင်ဂျန်	ʔ a̰ z ə b à ɪ ɴ d͡ʑ à ɴ
ထိုင်	tʰ à ɪ ɴ
ဝက်မ	w ɛ ʔ m a̰
ဓာတ်ဆီဆိုင်	d a ʔ sʰ ì z à ɪ ɴ
ကို	ɡ ò
ဗေ့စဘော	b ḛ s ə b ɔ́
စုလျား	s ṵ j á
အူမကြီး	ʔ ù m a̰ d͡ʑ í
နကျယ်ကောင်	n ə d͡ʑ ɛ̀ ɡ à ʊ ɴ
စကားပြန်	z ə ɡ ə b j à ɴ
ဒုတိယဗိုလ်ချုပ်မှူးကြီး	d ṵ t ḭ j a̰ b ò d͡ʑ o ʊ ʔ m̥ ú d͡ʑ í
မဲဆန္ဒရှင်	m ɛ́ sʰ à ɴ d a̰ ʃ ɪ̀ ɴ
ဘဲ	b ɛ́
အဆင့်	ʔ ə sʰ ɪ̰ ɴ
ကျဉ်း	t͡ɕ ɪ́ ɴ
အပ်	ʔ a ʔ
ထားဝယ်	d ə w ɛ̀
မီးရထားတွဲ	m í j ə tʰ á d w ɛ́
ကန်တော့	ɡ ə d ɔ̰
လူဇင်ဘတ်	l ù z ɪ̀ ɴ b a ʔ
နှလုံးရောဂါ	n̥ ə l ó ʊ ɴ j ɔ́ ɡ à
နားကပ်	n á ɡ a ʔ
အကြွေးဝယ်ကတ်ပြား	ʔ ə t͡ɕ w é w ɛ̀ k a ʔ p j á
နန်းမြင့်	n á ɴ m j ɪ̰ ɴ
အနားယူ	ʔ ə n á j ù
အမိန့်ရှိပါ	ʔ ə m ḛ ɪ ɴ ʃ ḭ b à
သောင်းသောင်း	θ á ʊ ɴ ð á ʊ ɴ
ဆေးတံ	sʰ é d à ɴ
ပြော	p j ɔ́
မျက်ခွံ	m j ɛ ʔ kʰ ʊ̀ ɴ
တံတောင်	d ə d à ʊ ɴ
ဟိုဟာ	h ò h à
ကြိုက်	t͡ɕ a ɪ ʔ
အိမ်ထောင်	ʔ è ɪ ɴ d à ʊ ɴ
ကိုရမ်ကျမ်း	k ò ɹ à ɴ t͡ɕ á ɴ
ကချင်	k ə t͡ɕʰ ɪ̀ ɴ
မြို့စား	m j o̰ z á
တိရစ္ဆာန်	t ə ɹ e ɪ ʔ sʰ à ɴ
စက်လှေကား	s ɛ ʔ l̥ è ɡ á
လင်းဆွဲ	l ɪ́ ɴ z w ɛ́
အရသာ	ʔ ə j a̰ ð à
ကဲ့	k ɛ̰
ဆက်ဆံ	sʰ ɛ ʔ sʰ à ɴ
ရေချိုး	j è t͡ɕʰ ó
ယေရှု	j è ʃ ṵ
ဒုံးပျံ	d ó ʊ ɴ b j à ɴ
ငါတို့	ŋ à t o̰
သိုးမ	θ ó m a̰
ဘယ်မှ	b ɛ̀ m̥ a̰
ဝန်ခံ	w ʊ̀ ɴ kʰ à ɴ
ပင်စည်	p ɪ̀ ɴ z ì
ကူးတို့	ɡ ə d o̰
တုတ်	d o ʊ ʔ
မြှောက်ရကိန်း	m̥ j a ʊ ʔ j a̰ k é ɪ ɴ
ကွန်ပျူတာ	k ʊ̀ ɴ p j ù t à
ဖြစ်	pʰ j ɪ ʔ
ပြာဋိဟာ	p j à d ḭ h à
တဘက်	d ə b ɛ ʔ
ငှက်ပျော	ŋ ə p j ɔ́
အာလူးပူရီ	ʔ à l ú p ù j ì
ယဉ်ကျေးမှု	j ɪ̀ ɴ t͡ɕ é m̥ ṵ
လောက်	l a ʊ ʔ
သုတေသီ	θ ṵ t è θ ì
ပျားရည်	p j á j è
ဘယ်ရီလီယမ်	b ɛ̀ ɹ ì l ì j à ɴ
ကယား	k ə j á
ဝါရှင်တန်	w à ʃ ɪ̀ ɴ t à ɴ
ဘယ်သူ့	b ə θ ṵ
မဟေသီ	m ə h è θ ì
ကြာကြာ	t͡ɕ à d͡ʑ à
ကလျာဏမိတ္တ	k ə l ə j à n a̰ m e ɪ ʔ t a̰
ကျေးဇူးပြု၍	t͡ɕ é z ú p j ṵ j w ḛ
သံကြိုး	θ à ɴ d͡ʑ ó
ဗြိတိန်	b j ḭ t è ɪ ɴ
ဝမ်းရောဂါ	w ʊ́ ɴ j ɔ́ ɡ à
နိုက်ထရိုဂျင်	n a ɪ ʔ tʰ ə ɹ ò d͡ʑ ɪ̀ ɴ
စင်စင်	s ɪ̀ ɴ z ɪ̀ ɴ
မျက်တောင်	m j ɛ ʔ t à ʊ ɴ
အသည်း	ʔ ə θ ɛ́
ဘွဲ့	b w ɛ̰
ညကြီး	ɲ a̰ t͡ɕ í
ဟုတ်တာပေါ့	h o ʊ ʔ t à p ɔ̰
ပြာသာဒ်	p j a ʔ θ a ʔ
မနေ့က	m ə n ḛ ɡ a̰
ဒူးထောက်	d ú tʰ a ʊ ʔ
ဆို	sʰ ò
လူငယ်	l ù ŋ ɛ̀
မန်ကျည်း	m ə d͡ʑ í
ညှပ်	ɲ̊ a ʔ
ပန်းတော့	p á ɴ d ɔ̰
ဗလာစာအုပ်	b ə l à s à ʔ o ʊ ʔ
ပေါ်	p ɔ̀
ရမ်းရမ်း	j á ɴ j á ɴ
မီးလင်းဖို	m í l ɪ́ ɴ b ò
ကြက်တူရွေး	t͡ɕ ɛ ʔ t ù j w é
ရူမေးနီးယား	ɹ ù m é n í j á
သတ္တုရိုင်း	θ a ʔ t ṵ j á ɪ ɴ
သန်လျင်	θ ə ɲ ɪ̀ ɴ
ဆာဂျင်	sʰ à d͡ʑ ɪ̀ ɴ
ဒုတိယဗိုလ်	d ṵ t ḭ j a̰ b ò
ဂျီဘူတီ	d͡ʑ ì b ù t ì
အကွ	ʔ ə k w a̰
ဣန္ဒြေ	ʔ è ɪ ɴ d ɹ è
ဝက်ကြွပ်	w ɛ ʔ t͡ɕ ʊ ʔ
ဘိုရွန်	b ò ɹ ʊ̀ ɴ
ကင်းခြေများ	k ɪ́ ɴ t͡ɕ ì m j á
ဝှေးစေ့	ʍ é z ḭ
အချိတ်	ʔ ə t͡ɕʰ e ɪ ʔ
နဂါး	n ə ɡ á
မိတ်	m e ɪ ʔ
အလုပ်ရှင်	ʔ ə l o ʊ ʔ ʃ ɪ̀ ɴ
ပလတ်စတစ်	p ə l a ʔ s ə t ɪ ʔ
ဂျော့ခ်ျ	d͡ʑ ɔ̰ kʰ ျ
သူမ	θ ù m a̰
ပုရွက်	p ə j w ɛ ʔ
တံစဉ်	d ə z ɪ̀ ɴ
မြေအောက်မီးရထား	m j è ʔ a ʊ ʔ m í j ə tʰ á
ပန်းနာ	p á ɴ n à
မြင်းကလေး	m j ɪ́ ɴ ɡ ə l é
အက်	ʔ ɛ ʔ
အပေါင်	ʔ ə p à ʊ ɴ
သိကြား	ð ə d͡ʑ á
လည်ပင်း	l ɛ̀ b ɪ́ ɴ
စီးပွားရေး	s í b w á j é
ခေတ္တ	kʰ ɪ ʔ t a̰
ရာဇဂုရု	j à z a̰ ɡ ṵ ɹ ṵ
ဆီးချို	sʰ í d͡ʑ ò
မရီး	m ə j í
မုသား	m ṵ ð á
သံချေး	θ à ɴ d͡ʑ í
ပိရမစ်	p ḭ ɹ ə m ɪ ʔ
ပုပ်	p o ʊ ʔ
ချယ်ရီ	t͡ɕʰ ɛ̀ ɹ ì
ကောင်စစ်ဝန်ရုံး	k à ʊ ɴ s ɪ ʔ w ʊ̀ ɴ j ó ʊ ɴ
ယုဂ်	j o ʊ ʔ
မြက်ခုတ်ဓား	m j ɛ ʔ kʰ o ʊ ʔ d á
နဒီ	n ə d ì
ဘိုကလေး	b ò ɡ ə l é
ရိုဟင်ဂျာ	ɹ ò h ɪ̀ ɴ d͡ʑ à
နေ့	n ḛ
အရိုးစု	ʔ ə j ó z ṵ
ရှလကာရည်	ʃ à l ə k à j è
စက်ဆုပ်	s ɛ ʔ sʰ o ʊ ʔ
ပန်	p à ɴ
နတ်တော်	n ə d ɔ̀
လှုပ်လှုပ်	l̥ o ʊ ʔ l̥ o ʊ ʔ
စောင်း	s á ʊ ɴ
လေ့ကျင့်	l ḛ t͡ɕ ɪ̰ ɴ
ဓာတ်ခဲ	d a ʔ kʰ é
ရာဇာဓိရာဇဂုရု	j à z a̰ d ḭ j à z a̰ ɡ ṵ ɹ ṵ
ပိုက်ဆံ	p a ɪ ʔ sʰ à ɴ
အမိုး	ʔ ə m ó
သူငယ်ချင်း	θ ə ŋ ɛ̀ d͡ʑ ɪ́ ɴ
ပါရဂူဘွဲ့	p à j ə ɡ ù b w ɛ̰
ငရဲကြီးရှစ်ထပ်	ŋ ə j ɛ́ d͡ʑ í ʃ ɪ ʔ tʰ a ʔ
မိန်းမ	m é ɪ ɴ m a̰
သဘက်ခါ	θ ə b ɛ ʔ kʰ à
ကြား	t͡ɕ á
အကျော်	ʔ ə t͡ɕ ɔ̀
သတို့သား	ð ə d o̰ θ á
သောကြာ	θ a ʊ ʔ t͡ɕ à
ငြိမ်းချမ်းရေး	ɲ é ɪ ɴ d͡ʑ á ɴ j é
ကြက်သွန်	t͡ɕ ɛ ʔ θ ʊ̀ ɴ
မော်လမြိုင်	m ɔ̀ l ə m j à ɪ ɴ
ကြော်ငြာစာ	t͡ɕ ɔ̀ ɲ à z à
မိသားစု	m ḭ ð á z ṵ
ကမ္ဗလာ	ɡ ə b ə l à
သံဝါသ	θ à ɴ w à θ a̰
လေချဉ်တက်	l è d͡ʑ ɪ̀ ɴ t ɛ ʔ
ဆက္ကဂံ	sʰ ɛ ʔ k ə ɡ à ɴ
ပြောင်းဖူး	p j á ʊ ɴ b ú
မီတာ	m ì t à
မိုင်း	m á ɪ ɴ
ဘိုက်	b a ɪ ʔ
နေရာငါးသွယ်	n è j à ŋ á θ w ɛ̀
ဒေဝါလီခံ	d è w à l ì kʰ à ɴ
ပြယုဂ်	p j a̰ j o ʊ ʔ
မဏိမေခလာ	m ə n ḭ m è kʰ ə l à
အစိုးရ	ʔ ə s ó j a̰
နန်းကြီးသုပ်	n á ɴ t͡ɕ í θ o ʊ ʔ
ပရဟိတ	p ə ɹ a̰ h ḭ t a̰
ကျားသစ်	t͡ɕ ə θ ɪ ʔ
မှား	m̥ á
ဂျပန်	d͡ʑ ə p à ɴ
ကွတ်	k ʊ ʔ
ဝဇီရာ	w ə z ì j à
ပါဝါ	p à w à
ရေးချ	j é t͡ɕʰ a̰
နေ့လယ်စာ	n ḛ l ɛ̀ z à
ဧည့်	ʔ ḛ
သိ	θ ḭ
သတို့သမီး	ð ə d o̰ θ ə m í
ဝါရှာ	w à ʃ à
အငွေ့	ʔ a̰ ŋ w ḛ
သူရဿတီ	θ ù ɹ a̰ θ ə t ì
မဟာဘာရတ	m ə h à b à ɹ ə t a̰
သီချင်း	θ ə t͡ɕʰ ɪ́ ɴ
ပုခက်	p ə kʰ ɛ ʔ
ဒဏ်ငွေ	d à n ŋ w è
ဘား	b á
သီးသီး	θ í ð í
ဝီကီပီးဒီးယား	w ì k ì p í d í j á
မီးရထား	m í j ə tʰ á
အားကစား	ʔ á ɡ ə z á
သတ်ဖြတ်	θ a ʔ pʰ j a ʔ
ပုံသေနည်း	p ò ʊ ɴ ð è n í
ဗိသုကာ	b ḭ ð ə ɡ à
ပူဒီနာ	p ù s ì n à
ချင်း	d͡ʑ ɪ́ ɴ
ရာသီဥတု	j à ð ì ʔ ṵ d ṵ
ငွေသား	ŋ w è ð á
တူးမြောင်း	t ú m j á ʊ ɴ
နှစ်ဆယ်	n̥ ɪ ʔ sʰ ɛ̀
နက်	n ɛ ʔ
ယူကရိန်း	j ù k ə ɹ é ɪ ɴ
ထမင်းချဉ်	tʰ ə m ɪ́ ɴ d͡ʑ ɪ̀ ɴ
ပါဠိ	p à l ḭ
ဟာသ	h à θ a̰
ကြိယာ	k ə ɹ ḭ j à
ထူပါ	tʰ ù p à
လှပ	l̥ a̰ p a̰
မက်မွန်	m ɛ ʔ m ʊ̀ ɴ
ခု	kʰ ṵ
သူရကန်	θ ù ɹ ə k à ɴ
ခိုး	kʰ ó
ဂိတ်	ɡ e ɪ ʔ
ဆိုင်းဘုတ်	sʰ á ɪ ɴ b o ʊ ʔ
ချစ်ခင်	t͡ɕʰ ɪ ʔ kʰ ɪ̀ ɴ
သိန်း	θ é ɪ ɴ
အလှဆီ	ʔ ə l̥ a̰ z ì
ဘေး	b é
ပညာရေး	p j ɪ̀ ɴ ɲ à j é
တရားသူကြီး	t ə j á ð ù d͡ʑ í
ခေတ်	kʰ ɪ ʔ
သတ္တဝါ	θ a ʔ t ə w à
ကောက်ရိုး	k a ʊ ʔ j ó
စား	s á
ဝိုင်း	w á ɪ ɴ
အချိန်စာရင်း	ʔ ə t͡ɕʰ è ɪ ɴ s ə j ɪ́ ɴ
ပွေး	p w é
အချုပ်ခန်း	ʔ ə t͡ɕʰ o ʊ ʔ kʰ á ɴ
ဆွမ်းမွှေး	sʰ ʊ́ ɴ m̥ w é
ရထား	j ə tʰ á
တူး	t ú
မြင်းလှည်း	m j ɪ́ ɴ l̥ ɛ́
အိပ်ရာလိပ်	ʔ e ɪ ʔ j à l e ɪ ʔ
ပေကျင်း	p è t͡ɕ ɪ́ ɴ
အားလုံး	ʔ á l ó ʊ ɴ
ပိုင်ရှင်	p à ɪ ɴ ʃ ɪ̀ ɴ
ခံ	kʰ à ɴ
နားကွင်း	n á ɡ w ɪ́ ɴ
စတု	z ə t ṵ
ပီကင်း	p ì k ɪ́ ɴ
မုနိ	m ṵ n ḭ
ကောလာဟလ	k ɔ́ l à h a̰ l a̰
မာကျောက်	m à t͡ɕ a ʊ ʔ
ကညွတ်ရိုး	k ə ɲ ʊ ʔ j ó
ပုဂ္ဂလိက	p o ʊ ʔ ɡ ə l ḭ ɡ a̰
အကျဉ်းထောင်	ʔ ə t͡ɕ ɪ́ ɴ d à ʊ ɴ
အဏ္ဏဝါ	ʔ à ɴ n ə w à
ပလ္လင်	p ə l ɪ̀ ɴ
မွေး	m w é
သာယာဝတီ	θ à j à w ə d ì
မီးသုံးပါး	m í θ ó ʊ ɴ b á
ငှက်ပျောပေါင်း	ŋ̊ ə b j ɔ́ b á ʊ ɴ
ဘဏ်	b à ɴ
နိုင်ငံတော်	n à ɪ ɴ ŋ à ɴ d ɔ̀
တူနီးရှား	t ù n í ʃ á
ငန်း	ŋ á ɴ
တပို့တွဲ	d ə b o̰ d w ɛ́
အလုပ်သမား	ʔ ə l o ʊ ʔ θ ə m á
ကြော်	t͡ɕ ɔ̀
မျှော်လင့်	m̥ j ɔ̀ l ɪ̰ ɴ
နဝကမ္မ	n ə w a̰ k à ɴ m a̰
ဂွမ်း	ɡ ʊ́ ɴ
အသီး	ʔ ə θ í
မိတ်ကပ်	m e ɪ ʔ k a ʔ
ဗီယက်နမ်	b ì j ɛ ʔ n à ɴ
မှုန်	m̥ ò ʊ ɴ
စိတ်ဆိုး	s e ɪ ʔ sʰ ó
လိုက်ချီး	l a ɪ ʔ t͡ɕʰ í
ဗိဿနိုး	b e ɪ ʔ θ ə n ó
မုခ်	m o ʊ ʔ
မြင်းခွာရွက်သုပ်	m j ɪ́ ɴ kʰ w à j w ɛ ʔ θ o ʊ ʔ
ထိုင်ခုံ	tʰ à ɪ ɴ ɡ ò ʊ ɴ
ပထဝီဝင်	p ə tʰ ə w ì w ɪ̀ ɴ
ကိန္နရာ	k è ɪ ɴ n ə j à
ဆင်ဝင်	sʰ ɪ̀ ɴ w ɪ̀ ɴ
ဧက	ʔ è k a̰
သတ္တိ	θ a ʔ t ḭ
မနက်	m ə n ɛ ʔ
မျက်နှာဖုံး	m j ɛ ʔ n̥ ə pʰ ó ʊ ɴ
မိုးခေါ်	m ó kʰ ɔ̀
ရူပဗေဒ	j ù p a̰ b è d a̰
နရား	n ə j á
ဒုတိယဗိုလ်မှူးကြီး	d ṵ t ḭ j a̰ b ò m̥ ú d͡ʑ í
တစ်ဆယ်	t ə z ɛ̀
အရေ	ʔ ə j è
မှတ်မိ	m̥ a ʔ m ḭ
ခက်ရင်း	kʰ ə j ɪ́ ɴ
ရနံ့	j ə n a̰ ɴ
ဗုန်း	b ó ʊ ɴ
ကာ	k à
ဝင်ရိုး	w ɪ̀ ɴ j ó
ဝန်	w ʊ̀ ɴ
ကြွယ်	t͡ɕ w ɛ̀
အင်ဂျင်	ʔ ɪ̀ ɴ d͡ʑ ɪ̀ ɴ
ရိက္ခာ	j e ɪ ʔ kʰ à
သည်မှာ	ð ì m̥ à
အိုလံပစ်	ʔ ò l à ɴ p ɪ ʔ
ရွှေဖြူ	ʃ w è b j ù
အရမ်း	ʔ ə j á ɴ
ကျဲ	t͡ɕ ɛ́
ကုဗ	k ṵ b a̰
သမိုင်း	θ ə m á ɪ ɴ
ချက်ကြိုး	t͡ɕʰ ɛ ʔ t͡ɕ ó
ဒါ	d à
လွတ်လပ်ရေးနေ့	l ʊ ʔ l a ʔ j é n ḛ
မှန်	m̥ à ɴ
မက်	m ɛ ʔ
သဘာဝတ္ထဗေဒ	θ ə b à w ʊ ʔ tʰ a̰ b è d a̰
ဂျော်ဒန်	d͡ʑ ɔ̀ d à ɴ
ကျွန်တော့်	t͡ɕ ʊ̀ ɴ d ɔ̰
ဆီချက်ခေါက်ဆွဲ	sʰ ì d͡ʑ ɛ ʔ kʰ a ʊ ʔ sʰ w ɛ́
မုန်လာဥဝါ	m ò ʊ ɴ l à ʔ ṵ w à
ဘာလိ	b à l ḭ
အမေး	ʔ ə m é
အမျိုးလေးပါး	ʔ ə m j ó l é b á
အရေပြား	ʔ ə j è b j á
အနာကြီးရောဂါ	ʔ ə n à d͡ʑ í j ɔ́ ɡ à
မြင့်	m j ɪ̰ ɴ
တိုးတက်ခြင်း	t ó t ɛ ʔ d͡ʑ ɪ̀ ɴ
ငှား	ŋ̊ á
သိင်္ဂီ	θ è ɪ ɴ ɡ ì
ရုပ်သေး	j o ʊ ʔ θ é
မွတ်စလင်	m ʊ ʔ s ə l ɪ̀ ɴ
ဝှက်	ʍ ɛ ʔ
ပုဏ္ဏားကျွန်း	p ò ʊ ɴ n á d͡ʑ ʊ́ ɴ
တုံး	t ó ʊ ɴ
အချိုး	ʔ ə t͡ɕʰ ó
နတ်နန်း	n a ʔ n á ɴ
အလ္လာဟ်	ʔ à l l à h
စိုင်း	s á ɪ ɴ
ထွက်	tʰ w ɛ ʔ
ကြက်သွန်နီ	t͡ɕ ɛ ʔ θ ʊ̀ ɴ n ì
စန္ဒရား	s à ɴ d ə j á
လိုင်စင်	l à ɪ ɴ s ɪ̀ ɴ
ရှင်ရှင်	ʃ ɪ̀ ɴ ʃ ɪ̀ ɴ
မြေအောက်	m j è ʔ a ʊ ʔ
ခုံရှည်	kʰ ò ʊ ɴ ʃ è
ဇင်ဘာဘွေ	z ɪ̀ ɴ b à b w è
အပြစ်	ʔ ə p j ɪ ʔ
သွေးပေါ်	θ w é p ɔ̀
ခေါင်းလျှော်ရည်	ɡ á ʊ ɴ ʃ ɔ̀ j è
သင်္ကဒူး	θ ɪ́ ɴ ɡ ə d ú
ပင်စင်စား	p ɪ̀ ɴ s ɪ̀ ɴ s á
မင်းဘူး	m ɪ́ ɴ b ú
ကဏန်း	ɡ ə n á ɴ
ကြီး	t͡ɕ í
ခင်ပွန်း	kʰ ɪ̀ ɴ b ʊ́ ɴ
ပီကေ	p ì k è
ယူဂန်းဒါး	j ù ɡ á ɴ d á
အင်ဒိုချိုင်းနား	ʔ ɪ̀ ɴ d ò t͡ɕʰ á ɪ ɴ n á
ပြင်သည်	p j ɪ̀ ɴ θ ì
ယန္တရား	j à ɴ d ə j á
မနုဿ	m a̰ n o ʊ ʔ θ à
ကြိမ်	t͡ɕ è ɪ ɴ
လိုဏ်	l̥ à ɪ ɴ
သန်လျက်	θ à ɴ j ɛ ʔ
မိကျောင်း	m ḭ d͡ʑ á ʊ ɴ
ဒီပါ	d ì p à
ပြည်သူ့လွှတ်တော်	p j ì ð ṵ l̥ ʊ ʔ t ɔ̀
အရီးလေး	ʔ ə j í l é
တံမြက်စည်း	d ə b j ɛ ʔ s í
အဓိဌာန်	ʔ ə d e ɪ ʔ tʰ à ɴ
တော်ပြီ	t ɔ̀ b ì
အမျိုးသား	ʔ ə m j ó ð á
နိုင်ဂျာ	n à ɪ ɴ d͡ʑ à
ထား	tʰ á
ထိုးမုန့်	tʰ ó m o̰ ʊ ɴ
ကျိုက်ထီးရိုး	t͡ɕ a ɪ ʔ tʰ í j ó
အဖိုး	ʔ ə pʰ ó
ရတနာ	j ɛ̀ d ə n à
မီးပွား	m í b w á
ရော်ဘာ	ɹ ɔ̀ b à
ဆလဗ	sʰ ə l a̰ b a̰
ဘရူနိုင်း	b ə ɹ ù n á ɪ ɴ
ဘဏ္ဍာရေး	b à n d à j é
အယူ	ʔ ə j ù
ထွက်ပေါက်	tʰ w ɛ ʔ p a ʊ ʔ
ပြောင်း	p j á ʊ ɴ
ဖူး	b ú
ကတော့	ɡ ə d ɔ̰
သွားကြားထိုးတံ	θ w á d͡ʑ á tʰ ó d à ɴ
အင်ဂျင်နီယာ	ʔ ɪ̀ ɴ d͡ʑ ɪ̀ ɴ n ì j à
ခေါင်းဆောင်	ɡ á ʊ ɴ z à ʊ ɴ
ဆီးပူညောင်းကျ	sʰ í p ù ɲ á ʊ ɴ t͡ɕ a̰
ကတ်ကြေး	k a ʔ t͡ɕ í
ရေလုပ်သား	j è l o ʊ ʔ θ á
ညီ	ɲ ì
အတင်း	ʔ ə t ɪ́ ɴ
သန္ဓေဗေဒ	θ à ɴ d è b è d a̰
မျှင်	m̥ j ɪ̀ ɴ
ဒသမ	d a̰ θ ə m a̰
ထံ	tʰ à ɴ
ငရဲမင်း	ŋ ə j ɛ́ m ɪ́ ɴ
အရင်း	ʔ ə j ɪ́ ɴ
ဥပါလိ	ʔ ṵ p à l ḭ
ဖြောဖြော	pʰ j ɔ́ b j ɔ́
ကြက်သွန်မြိတ်	t͡ɕ ɛ ʔ θ ʊ̀ ɴ m j e ɪ ʔ
သောကြာဂြိုဟ်	θ a ʊ ʔ t͡ɕ à d͡ʑ ò
ဝက်မှင်ဘီး	w ɛ ʔ m̥ ɪ̀ ɴ b í
သျှောင်	j à ʊ ɴ
တိုင်ပင်	t à ɪ ɴ b ɪ̀ ɴ
အိမ်မြှောင်	ʔ è ɪ ɴ m̥ j à ʊ ɴ
ဦးချို	ʔ ú d͡ʑ ò
မှ	m̥ a̰
ထက်	tʰ ɛ ʔ
ကြီးကြီး	t͡ɕ í d͡ʑ í
စေတီ	z è d ì
မျို	m j ò
မာလဝီ	m à l a̰ w ì
ပင်ဂွင်	p ɪ̀ ɴ ɡ w ɪ̀ ɴ
ကုလသမဂ္ဂ	k ṵ l a̰ θ a̰ m ɛ ʔ ɡ a̰
ထွန်	tʰ ʊ̀ ɴ
အကောက်ဆိပ်	ʔ ə k a ʊ ʔ sʰ e ɪ ʔ
ကက်စီနို	k ɛ ʔ s ì n ò
လိုင်း	l á ɪ ɴ
ဆိုက်	sʰ a ɪ ʔ
ညောင်	ɲ à ʊ ɴ
အစီရင်ခံ	ʔ ə s ì j ɪ̀ ɴ kʰ à ɴ
ထိုင်း	tʰ á ɪ ɴ
အီကြာကွေး	ʔ ì t͡ɕ à k w é
လက်တင်	l ɛ ʔ t ɪ̀ ɴ
သီးပင်	θ í b ɪ̀ ɴ
ခင်မင်မှု	kʰ ɪ̀ ɴ m ɪ̀ ɴ m̥ ṵ
သောမနဿ	θ ɔ́ m ə n a ʔ θ a̰
ရှင်တို့	ʃ ɪ̀ ɴ d o̰
သံပရို	θ à ɴ b a̰ j ò
သမုဒ္ဒရာ	θ ə m o ʊ ʔ d ə j à
ဘုန်းကြီးပျံ	pʰ ó ʊ ɴ d͡ʑ í b j à ɴ
အကောင့်	ʔ ə k a̰ ʊ ɴ
ဖိုင်	pʰ à ɪ ɴ
နိဂ္ဂဟိတ	n e ɪ ʔ ɡ ə h ḭ t a̰
ကြောင်ထီး	t͡ɕ à ʊ ɴ d í
တာယာ	t à j à
ကောင်မငယ်	k à ʊ ɴ m a̰ ŋ ɛ̀
လေစုန်	l è z ò ʊ ɴ
လိင်ပညာ	l è ɪ ɴ p j ɪ̀ ɴ ɲ à
ကျည်ဖူး	t͡ɕ ì b ú
ဘဏ်တိုက်	b à ɴ d a ɪ ʔ
ကွမ်းတောင်	k ʊ́ ɴ d à ʊ ɴ
ဗန်ရှည်	b à ɴ ʃ è
ဂိုဏ်း	ɡ ó n
အဖ	ʔ ə pʰ a̰
ပျား	p j á
ငန်	ŋ à ɴ
မျှော်လင့်ချက်	m̥ j ɔ̀ l ɪ̰ ɴ d͡ʑ ɛ ʔ
ပုဒ်ကလေး	p o ʊ ʔ k ə l é
စွေ့စွေ့	s w ḛ z w ḛ
ထောင်ကဲ	tʰ à ʊ ɴ k ɛ́
ဒိန်ခဲ	d è ɪ ɴ ɡ ɛ́
ဒီမှာ	d ì m̥ à
နားထောင်	n á tʰ à ʊ ɴ
ဒုံမင်း	d ò ʊ ɴ m ɪ́ ɴ
သဘောတူ	ð ə b ɔ́ t ù
သစ်သီး	θ ɪ ʔ θ í
ဘုရား	pʰ ə j á
နေအိမ်	n è ʔ è ɪ ɴ
ပြဒါး	b ə d á
မူလ	m ù l a̰
ဘာသာဗေဒ	b à θ à b è d a̰
နက္ခတ္တဗေဒ	n ɛ ʔ kʰ ə t a̰ b è d a̰
မနောကံ	m ə n ɔ́ ɡ à ɴ
တောင်ကိုရီးယား	t à ʊ ɴ k ò ɹ í j á
ဝေဒနာ	w è d ə n à
ဥတ္တရခဏ္ဍ	ʔ o ʊ ʔ t ə ɹ a̰ kʰ à n d a̰
ဘူ	b ù
စစ်ဗိုလ်	s ɪ ʔ b ò
ချွံချွံ	t͡ɕʰ ʊ̀ ɴ d͡ʑ ʊ̀ ɴ
ဖုံး	pʰ ó ʊ ɴ
ဖုန်	pʰ ò ʊ ɴ
စိမ်း	s é ɪ ɴ
ခရိုမီယမ်	kʰ ə ɹ ò m ì j à ɴ
လျားလျား	j á j á
ဘော	b ɔ́
ဧကရီ	ʔ è k ə j ì
ခရစ်ယာန်	kʰ ə ɹ ɪ ʔ j à n
ကြွပ်	t͡ɕ ʊ ʔ
ရွေးကောက်ပွဲ	j w é k a ʊ ʔ p w ɛ́
စတုဒိသာ	s a̰ t ṵ d ḭ θ à
မိုက်ကယ်	m a ɪ ʔ k ɛ̀
ရပါတယ်	j a̰ b à d ɛ̀
ဆီးဖြူ	z í b j ù
ခန္ဓာ	kʰ à ɴ d à
အနား	ʔ ə n á
ဟေတီ	h è t ì
ဥဂ္ဂါ	ʔ ṵ ɡ ɡ à
သော်တာ	θ ɔ̀ d à
ရွာသူ	j w à ð ù
တံပူ	d ə b ù
ပာရာဂ္ဝေး	p à ɹ à ɡ w é
သတ္တုဗေဒ	θ a ʔ t ṵ b è d a̰
ကြဉ်	t͡ɕ ɪ̀ ɴ
ဆီးရီးယား	sʰ í ɹ í j á
သတင်းပို့	ð ə d ɪ́ ɴ p o̰
ကမန်	k a̰ m à ɴ
သီတာဒေဝီ	θ ì d à d è w ì
တောင်ဆူဒန်	t à ʊ ɴ sʰ ù d à ɴ
ဆိပ်	sʰ e ɪ ʔ
လိုဏ်ခေါင်း	l̥ à ɪ ɴ ɡ á ʊ ɴ
ဘီး	b í
ငါးဖယ်	ŋ ə pʰ ɛ̀
အမှား	ʔ ə m̥ á
ညည်း	ɲ í
ကရစ်ကက်	k ə ɹ ɪ ʔ k ɛ ʔ
သို့ပေမဲ့	ð o̰ b è m ɛ̰
ဝတ်လုံ	w ʊ ʔ l ò ʊ ɴ
ဆီးအောင့်ရောဂါ	sʰ í ʔ a̰ ʊ ɴ j ɔ́ ɡ à
သကြားလုံး	ð ə d͡ʑ á l ó ʊ ɴ
ရောင်း	j á ʊ ɴ
အိန္ဒြေ	ʔ è ɪ ɴ d ɹ è
ထန်းလျက်	tʰ ə ɲ ɛ ʔ
ပုံ	p ò ʊ ɴ
ဗားနစ်	b á n ɪ ʔ
စွပ်	s ʊ ʔ
ပဒေသရာဇ်	b ə d è θ ə ɹ ɪ ʔ
မုန့်ဟင်းခါး	m o̰ ʊ ɴ h ɪ́ ɴ ɡ á
စကားပုံ	z ə ɡ ə b ò ʊ ɴ
လီး	l í
တူးရစ်	t ú ɹ ɪ ʔ
ဇရပ်	z ə j a ʔ
သက်တံ	θ ɛ ʔ t à ɴ
အမေ	ʔ ə m è
များများ	m j á m j á
အငြိမ့်တီးမျိုး	ʔ a̰ ɲ ḛ ɪ ɴ t í m j ó
ဦးစင်း	ʔ ú ' z ɪ́ ɴ
တွေး	t w é
နှာ	n̥ à
ရှိုး	ʃ ó
ဆောင်းပါး	sʰ á ʊ ɴ b á
ကြက်မောက်သီး	t͡ɕ ɛ ʔ m a ʊ ʔ θ í
ပြည့်တန်ဆာ	p j ḭ d ə z à
စာမျက်နှာ	s à m j ɛ ʔ n̥ à
အစ်ကို	ʔ ə k ò
ကတ်	k a ʔ
ထောပတ်	tʰ ɔ́ b a ʔ
ဒါန	d à n a̰
သောက္ကတဲ	θ a ʊ ʔ k ə t ɛ́
တွက်	t w ɛ ʔ
ဂြိုဟ်တု	d͡ʑ ò h d ṵ
မာ	m à
အိမ်လည်	ʔ è ɪ ɴ l è
ဆင်	sʰ ɪ̀ ɴ
အာဟာရဗေဒ	ʔ à h à j a̰ b è d a̰
ဗာလချောင်	b à l a̰ t͡ɕʰ à ʊ ɴ
မာလာ	m à l à
တရားရုံး	t ə j á j ó ʊ ɴ
လူမျိုးရေးဝါဒ	l ù m j ó j é w à d a̰
အပေါ်	ʔ ə p ɔ̀
ကော်ဇော	k ɔ̀ z ɔ́
နားရွက်	n ə j w ɛ ʔ
တက်	t ɛ ʔ
တော်လှန်	t ɔ̀ l̥ à ɴ
အုတ်	ʔ o ʊ ʔ
ခြင်္သေ့	t͡ɕʰ ɪ̀ ɴ ð ḛ
ကျောက်သင်ပုန်း	t͡ɕ a ʊ ʔ θ ɪ̀ ɴ b ó ʊ ɴ
ဖတ်	pʰ a ʔ
သာသနာ	θ à ð ə n à
ငါ့	ŋ a̰
မောင်	m à ʊ ɴ
အချို့	ʔ ə t͡ɕʰ o̰
အရိုး	ʔ ə j ó
သစ်	θ ɪ ʔ
ဖင်လျက်	pʰ ɪ̀ ɴ j ɛ ʔ
အသက်	ʔ ə θ ɛ ʔ
ပြေး	p j é
သင်း	θ ɪ́ ɴ
လက်ထပ်	l ɛ ʔ tʰ a ʔ
သက္ကတ	θ ɛ ʔ k ə t a̰
ဃကြီး	ɡ a̰ d͡ʑ í
တြိပူရ	t ə ɹ ḭ p ù j a̰
ဖျာ	pʰ j à
ဇေယျ	z è j a̰
ပြည်ထောင်စု	p j ì d à ʊ ɴ z ṵ
ကြမ်း	t͡ɕ á ɴ
နှံကောင်	n̥ à ɴ ɡ à ʊ ɴ
ခွံ	kʰ ʊ̀ ɴ
လေသာပေါက်	l è ð à b a ʊ ʔ
ဘိလပ်	b ḭ l a ʔ
ဥက္ကာခဲ	ʔ o ʊ ʔ k à ɡ ɛ́
နင်တို့	n ɪ̀ ɴ d o̰
ဒါပော့	d à p ɔ̰
တီထွင်	t ì tʰ w ɪ̀ ɴ
ထည်	tʰ ɛ̀
သွားဖုံး	θ ə pʰ ó ʊ ɴ
ပကတိ	b ə ɡ ə d ḭ
ဒီလို	d ì l ò
ရှင့်	ʃ ɪ̰ ɴ
အရုဏ်	ʔ ə j ù n
အစု	ʔ ə s ṵ
ကြက်ဖ	t͡ɕ ɛ ʔ pʰ a̰
ပန်းကန်	b ə ɡ à ɴ
မုန့်ကျွဲသည်း	m o̰ ʊ ɴ t͡ɕ w ɛ́ ð í
လိုက်ပြေး	l a ɪ ʔ p j é
ငှက်	ŋ̊ ɛ ʔ
ဘလော့ဂ်	b ə l o ʊ ʔ
ဗြဟ္မာ	b j ə m à
ဂူ	ɡ ù
ဖာသည်မ	pʰ à θ ì m a̰
ရှင်	ʃ ɪ̀ ɴ
ဂုရု	ɡ ṵ ɹ ṵ
အနှီး	ʔ ə n̥ í
ဘီစကွတ်	b ì s ə k ʊ ʔ
မျက်လှည့်	m j ɛ ʔ l̥ ɛ̰
ကွန်ဂို	k ʊ̀ ɴ ɡ ò
သောသော	θ ɔ́ ð ɔ́
သံရုံး	θ à ɴ j ó ʊ ɴ
ရာဇဝင်	j à z ə w ɪ̀ ɴ
မသာ	m ə θ à
ကိတ်မုန့်	k e ɪ ʔ m o̰ ʊ ɴ
ကော်မတီ	k ɔ̀ m ə t ì
ဆင်စွယ်	sʰ ɪ̀ ɴ z w ɛ̀
ကျောက်ဂွမ်း	t͡ɕ a ʊ ʔ ɡ ʊ́ ɴ
ရှက်	ʃ ɛ ʔ
ခြ	t͡ɕʰ a̰
ရေးရေး	j é j é
ဂေါ်ရခါးသီး	ɡ ɔ̀ j ə kʰ á θ í
ဖြေရှင်း	pʰ j è ʃ ɪ́ ɴ
ဒူးခေါင်း	d ú ɡ á ʊ ɴ
မီးပူ	m í b ù
လိမ်း	l é ɪ ɴ
သံချပ်	θ ə d͡ʑ a ʔ
ထောက်	tʰ a ʊ ʔ
ကော်ရည်ခေါက်ဆွဲ	k ɔ̀ j ì kʰ a ʊ ʔ sʰ w ɛ́
ရေဒီယို	ɹ è d ì j ò
ကမာရွတ်	k ə m à j ʊ ʔ
ပါးစပ်	p ə z a ʔ
ဘတ်	pʰ a ʔ
ခကွေး	kʰ a̰ ɡ w é
ပင်စိမ်းမွှေး	p ɪ̀ ɴ z é ɪ ɴ m̥ w é
အဖေ့	ʔ ə pʰ ḛ
သင်္ဘောဆိပ်	θ ɪ̀ ɴ b ɔ́ z e ɪ ʔ
ချေ	t͡ɕʰ è
ဝက်ထီး	w ɛ ʔ tʰ í
ညနေခင်း	ɲ a̰ n è ɡ ɪ́ ɴ
သူရိယမာသ	θ ù ɹ ḭ j a̰ m à θ a̰
ဆန္ဒ	sʰ à ɴ d a̰
စည်	s ì
ဘူတန်	b ù t à ɴ
ရည်	j ì
ဓာတ်	d a ʔ
သွား	θ w á
ခန်း	kʰ á ɴ
သံပေါက်	θ à ɴ b a ʊ ʔ
ညှစ်	ɲ̊ ɪ ʔ
ခြေနင်း	t͡ɕʰ è n ɪ́ ɴ
ဆူးပုပ်	sʰ ú b o ʊ ʔ
ရွှေချည်ထိုး	ʃ w è d͡ʑ ì d ó
ဖဲကြိုး	pʰ ɛ́ d͡ʑ ó
ကလျာ	k a̰ j à
ခဏ	kʰ ə n a̰
တမန်တော်	t ə m à ɴ d ɔ̀
ဗလဝ	b ə l ə w a̰
ဟွန်ဒူးရပ်စ်	h ʊ̀ ɴ d ú ɹ a ʔ s
လပြည့်နေ့	l a̰ p j ḭ n ḛ
ဓမ္မပါလ	d à ɴ m a̰ p à l a̰
ဆော်ဒီအာရေဗ္ယ	sʰ ɔ̀ d ì ʔ à ɹ è b j a̰
သဒ္ဒါ	ð ə d à
တယော	t ə j ɔ́
မြင်းမ	m j ɪ́ ɴ m a̰
စေတနာရှင်	s è d ə n à ʃ ɪ̀ ɴ
မင်းကွတ်	m ɪ́ ɴ ɡ ʊ ʔ
စမူဆာ	s ə m ù z à
ရိက္ခါ	j e ɪ ʔ kʰ à
ဘောက်ဆူး	b a ʊ ʔ sʰ ú
ကျင်ချောင်း	t͡ɕ ɪ̀ ɴ t͡ɕʰ á ʊ ɴ
အတောင်	ʔ ə t à ʊ ɴ
တစ်	t ɪ ʔ
လပ်	l a ʔ
တလွဲ	t ə l w ɛ́
အင်း	ʔ ɪ́ ɴ
ထူး	tʰ ú
ဆောင်	sʰ à ʊ ɴ
ဗိုက်ကြီး	b a ɪ ʔ t͡ɕ í
ဧကရာဇ်	ʔ è ɡ ə j ɪ ʔ
တွင်း	t w ɪ́ ɴ
ကော်ဖီ	k ɔ̀ pʰ ì
ဘုံကျောင်း	b ò ʊ ɴ d͡ʑ á ʊ ɴ
သီဟိုဠ်	θ ì h ò
ဘဝဲ	b ə w ɛ́
သေနတ်	θ ə n a ʔ
ပျပျ	p j a̰ b j a̰
ကျို	t͡ɕ ò
ပြာသို	p j à ð ò
ကျား	t͡ɕ á
သူငယ်	θ ə ŋ ɛ̀
အရာ	ʔ ə j à
မိတ္ထီလာ	m e ɪ ʔ tʰ ì l à
တံတား	d ə d á
သင်္ဘောသီးသုပ်	θ ɪ̀ ɴ b ɔ́ θ í θ o ʊ ʔ
ကမ္ဘာလုံးခြမ်း	ɡ ə b à l ó ʊ ɴ d͡ʑ à ɴ
ရဟန်း	j ə h á ɴ
တညင်း	d ə ɲ ɪ́ ɴ
ဓား	d á
နိဒ္ဒေသ	n e ɪ ʔ d è θ a̰
တံ	t à ɴ
ပစ္စည်း	p ɪ ʔ s í
ယောက်ျားလျာ	j a ʊ ʔ k ə ʃ à
ရန်သူမျိုးငါးပါး	j à ɴ ð ù m j ó ŋ á b á
ဆေးရုံ	sʰ é j ò ʊ ɴ
စာအိတ်	s à ʔ e ɪ ʔ
တလိုင်း	t ə l á ɪ ɴ
အချပ်	ʔ ə t͡ɕʰ a ʔ
စွမ်း	s w á ɴ
နဝမ	n ə w ə m a̰
အန်နီမဲ	ʔ à ɴ n ì m ɛ́
ဟင်းချ့	h ɪ́ ɴ t͡ɕʰ a̰̰
ကောင်းကင်ကြိုး	k á ʊ ɴ ɡ ɪ̀ ɴ d͡ʑ ó
ရတီ	j ə t ì
ကြော်ငြာ	t͡ɕ ɔ̀ ɲ à
အညို	ʔ ə ɲ ò
သင်တုန်းဓား	θ ɪ̀ ɴ d ó ʊ ɴ d á
တပည့်တော်မ	d ə b ḭ d ɔ̀ m a̰
တစပြင်	d ə z a̰ b j ɪ̀ ɴ
ကား	k á
ရာစုနှစ်	j à z ṵ n̥ ɪ ʔ
ပစ္စယာ	p j ɪ ʔ s ə j à
ကူးပြောင်း	k ú p j á ʊ ɴ
ကိုလိုနီ	k ò l ò n ì
လူသား	l ù ð á
ပတ္ထနာ	p ə tʰ ə n à
ဟင်းခါး	h ɪ́ ɴ ɡ á
လိပ်စာ	l e ɪ ʔ s à
ဥပမာ	ʔ ṵ b ə m à
ဩသဓ	ʔ ɔ́ θ ə d a̰
ဘုရားရှိခိုးကျောင်း	pʰ ə j á ʃ ḭ kʰ ó d͡ʑ á ʊ ɴ
ဖွား	pʰ w á
လင်းယဉ်	l ɪ́ ɴ j ɪ̀ ɴ
သတ္တမ	θ a ʔ t ə m a̰
ယို	j ò
ခေါင်းဆောင်	ɡ á ʊ ɴ sʰ à ʊ ɴ
ယနေ့	j a̰ n ḛ
မီးဖိုချောင်	m í b ò d͡ʑ à ʊ ɴ
ခလုတ်	kʰ ə l o ʊ ʔ
အိမ်ထောင်	ʔ è ɪ ɴ tʰ à ʊ ɴ
ဆရာ	sʰ ə j à
နှင်းပွင့်	n̥ ɪ́ ɴ b w ɪ̰ ɴ
ပုရွက်ဆိတ်	p ə j w ɛ ʔ sʰ e ɪ ʔ
သဲကန္တာရ	θ é ɡ à ɴ d à j a̰
အလှူရှင်	ʔ ə l̥ ù ʃ ɪ̀ ɴ
ပျားထီး	p j á d í
လေထိုးတံ	l è tʰ ó d à ɴ
သမက်	θ ə m ɛ ʔ
နှာမောင်း	n̥ ə m á ʊ ɴ
မော်ရိုကို	m ɔ̀ ɹ ò k ò
တံဆိပ်	d ə z e ɪ ʔ
မေးစေ့	m é z ḭ
မကွေး	m ə ɡ w é
ချူးအင်းဂမ်း	t͡ɕʰ ú ʔ ɪ́ ɴ ɡ á ɴ
မော်ရီတေးနီးယား	m ɔ̀ ɹ ì t é n í j á
မုန့်ညက်	m o̰ ʊ ɴ ɲ ɛ ʔ
ကားရုံ	k á j ò ʊ ɴ
တတ်	t a ʔ
ညောင်လေးပင်	ɲ à ʊ ɴ l é p ɪ̀ ɴ
အုံး	ʔ ó ʊ ɴ
အော်တိုမေးရှင်း	ʔ ɔ̀ t ò m é ʃ ɪ́ ɴ
အသိုက်	ʔ ə θ a ɪ ʔ
ဝန်ကြီး	w ʊ̀ ɴ d͡ʑ í
ဒီပါဝလီ	d ì p à w ə l ì
ခွေးမ	kʰ w é m a̰
ခါး	kʰ á
ပါလက်စတိုင်း	p à l ɛ ʔ s ə t á ɪ ɴ
ကျောင်းသူ	t͡ɕ á ʊ ɴ ð ù
ပြာ	p j à
ဘိက္ခုနီ	b ì k kʰ ṵ n ì
ကာဂျစ္စတန်	k ə d͡ʑ ɪ ʔ s ə t à ɴ
မင်းမြောက်တန်ဆာ	m ɪ́ ɴ m j a ʊ ʔ d ə z à
စပျစ်သီး	z ə b j ɪ ʔ θ í
လယ်သမား	l ɛ̀ ð ə m á
နေကောင်း	n è k á ʊ ɴ
တီဗီ	t ì b ì
ကျောက်ကပ်	t͡ɕ a ʊ ʔ k a ʔ
အာဇာနည်	ʔ à z à n ì
ခရင်း	kʰ ə j ɪ́ ɴ
ဘာရိန်း	b à ɹ é ɪ ɴ
ချေး	t͡ɕʰ í
မျက်စိ	m j ɛ ʔ s ḭ
ဆီယူ	sʰ ì j ù
ခယ်မ	kʰ ɛ̀ m a̰
ဥက္ကာပျံ	ʔ o ʊ ʔ k à b j à ɴ
လက်သည်းကွင်း	l ɛ ʔ θ é ɡ w ɪ́ ɴ
သလား	θ a̰ l á
အင်တာနက်	ʔ ɪ̀ ɴ t à n ɛ ʔ
ခြားနားချက်	t͡ɕʰ á n á d͡ʑ ɛ ʔ
ဘုဉ်းပေး	b ó ʊ ɴ p é
အိုရှန်းနီးယား	ʔ ò ʃ á ɴ n í j á
အဆောက်အဦ	ʔ ə sʰ a ʊ ʔ ʔ a̰ ʔ ù
ဂငယ်ကွေ့	ɡ a̰ ŋ ɛ̀ ɡ w ḛ
မျောက်	m j a ʊ ʔ
အာဏာ	ʔ à n à
ပျဉ်	p j ɪ̀ ɴ
ကာရန်	k ə j à ɴ
ချက်သမ္မတ	t͡ɕʰ ɛ ʔ θ ə m ə d a̰
မဇ္ဈဒေသ	m ɪ ʔ z a̰ d è θ a̰
ရွှေချီ	ʃ w è d͡ʑ ì
အတူတူ	ʔ ə t ù d ù
မြောက်‌ဦး	m j a ʊ ʔ ‌ ʔ ú
ကုလားထိုင်	k ə l ə tʰ à ɪ ɴ
ဂျက်	d͡ʑ ɛ ʔ
ကေ	k è
နက်ဖြန်	n ɛ ʔ pʰ j à ɴ
တံတိုင်း	d ə d á ɪ ɴ
လာဘ်	l a ʔ
သီဟ	θ ì h a̰
အပ်ချုပ်စက်	ʔ a ʔ t͡ɕʰ o ʊ ʔ s ɛ ʔ
သစ္စာဖောက်	θ ɪ ʔ s à pʰ a ʊ ʔ
စကြာ	s ɛ ʔ t͡ɕ à
ယဉ်	j ɪ̀ ɴ
အသားဝါရောဂါ	ʔ a̰ θ á w à j ɔ́ ɡ à
မှတ်စုစာအုပ်	m̥ a ʔ s ṵ s à ʔ o ʊ ʔ
ရာမ	j à m a̰
တီကောင်	t ì ɡ à ʊ ɴ
သာဝတ္ထိ	θ à w ʊ ʔ tʰ ḭ
သမ္မတ	θ ə m ə d a̰
လက်ဝှေ့	l ɛ ʔ ʍ ḛ
လူ	l ù
မရမာကြီး	m ə ɹ ə m à d͡ʑ í
ဓာတုဗေဒ	d à t ṵ b è d a̰
ရှေး	ʃ é
ဓမ္မ	d ə m a̰
ဆိုထုံး	sʰ ò d ó ʊ ɴ
မင်္ဂလာ	m ɪ̀ ɴ ɡ ə l à
ဘုန်းဘုန်း	pʰ ó ʊ ɴ pʰ ó ʊ ɴ
ပိဋကတ်	b ḭ t ə ɡ a ʔ
အီးပေါက်	ʔ í p a ʊ ʔ
မိငယ်	m ḭ ŋ ɛ̀
သက်သာ	θ ɛ ʔ θ à
စလုံး	s a̰ l ó ʊ ɴ
အယ်ဆာဗေဒို	ʔ ɛ̀ sʰ à b è d ò
ဧကရာဇ်	ʔ è ɡ ə ɹ ɪ ʔ
ထွက်ပြေး	tʰ w ɛ ʔ p j é
အီရန်	ʔ ì ɹ à ɴ
ကီလိုဂရမ်	k ì l ò ɡ ə ɹ à ɴ
လက်အိတ်	l ɛ ʔ ʔ e ɪ ʔ
အမြွှာ	ʔ ə m̥ w à
ဩဂုတ်	ʔ ɔ́ ɡ o ʊ ʔ
ဆိတ်ကုလား	sʰ e ɪ ʔ k ə l á
ဖော့ဖျက်	pʰ ɔ̰ b j ɛ ʔ
ကျပ်သား	t͡ɕ a ʔ θ á
ဒကာ	d ə ɡ à
ဂလင်း	ɡ ə l ɪ́ ɴ
ရှောက်	ʃ a ʊ ʔ
ဝယ်	w ɛ̀
စပိန်	s ə p è ɪ ɴ
မုန်ညင်း	m ò ʊ ɴ ɲ ɪ́ ɴ
မိုးကြိုး	m ó d͡ʑ ó
ပို့စကတ်	p o̰ s ə k a ʔ
မြေဩဇာ	m j è ʔ ɔ́ z à
ဘုန်းကြီး	pʰ ó ʊ ɴ d͡ʑ í
ဥတ္တရ	ʔ o ʊ ʔ t ə j a̰
အရွယ်ဆယ်ပါး	ʔ ə j w ɛ̀ sʰ ɛ̀ b á
စက်ရုပ်	s ɛ ʔ j o ʊ ʔ
လုပ်ခ	l o ʊ ʔ kʰ a̰
ဝိသေသ	w ḭ θ è θ a̰
အမည်	ʔ ə m j ì
စည်း	s í
စားသောက်ဆိုင်	s á θ a ʊ ʔ sʰ à ɪ ɴ
အတိုင်ပင်ခံ	ʔ ə t à ɪ ɴ b ɪ̀ ɴ ɡ à ɴ
အရှင်	ʔ ə ʃ ɪ̀ ɴ
ထိ	tʰ ḭ
သူများ	θ ù m j á
ပန်းသေရောဂါ	p á ɴ θ è j ɔ́ ɡ à
ဒွယံဒွယံ	d w a̰ j à ɴ d w a̰ j à ɴ
အရောင်တင်မှုန့်	ʔ ə j à ʊ ɴ t ɪ̀ ɴ m̥ o̰ ʊ ɴ
ဆင်းရဲ	sʰ ɪ́ ɴ j ɛ́
အာစရိယ	ʔ à s a̰ ɹ ḭ j a̰
ယူရေးရှား	j ù ɹ é ʃ á
စမ်း	s á ɴ
ဝဆွဲ	w a̰ sʰ w ɛ́
ပြင်းဟုပ်	p j ɪ́ ɴ h o ʊ ʔ
တောင်ငူ	t à ʊ ɴ ŋ ù
အဏုဇီဝဗေဒ	ʔ ə n ṵ z ì w a̰ b è d a̰
ငူတူတူ	ŋ ù t ù d ù
လက်ဆောင်	l ɛ ʔ sʰ à ʊ ɴ
အဆွေး	ʔ ə sʰ w é
ဂေါ်မိတ်	ɡ ɔ̀ m e ɪ ʔ
အခမဲ့	ʔ ə kʰ a̰ m ɛ̰
ကင်မရွန်း	k ɪ̀ ɴ m a̰ ɹ ʊ́ ɴ
ခေါ်	kʰ ɔ̀
ချစ်	t͡ɕʰ ɪ ʔ
စိမ့်	s ḛ ɪ ɴ
ဖလား	pʰ ə l á
ဥပါဒါန်	ʔ ṵ p à d à n
မာလကာ	m à l ə k à
လက်တန်း	l ɛ ʔ t á ɴ
ပညတ်	p j ɪ̰ ɴ n a ʔ
ကတ်ပြား	k a ʔ p j á
ဂိတ်ဆုံး	ɡ e ɪ ʔ sʰ ó ʊ ɴ
အော့	ʔ ɔ̰
ကြက်မ	t͡ɕ ɛ ʔ m a̰
ကယ်တင်ရှင်	k ɛ̀ t ɪ̀ ɴ ʃ ɪ̀ ɴ
တေးသံရှင်	t é θ à ɴ ʃ ɪ̀ ɴ
အထုပ်	ʔ ə tʰ o ʊ ʔ
လိုအပ်	l ò ʔ a ʔ
ကန်စွန်း	ɡ ə z ʊ́ ɴ
အလင်းတန်း	ʔ ə l ɪ́ ɴ d á ɴ
လာအို	l à ʔ ò
အလုပ်သမားနေ့	ʔ ə l o ʊ ʔ θ ə m á n ḛ
ဆူရှီ	sʰ ù ʃ ì
ခရစ္စမတ်	kʰ ə ɹ ɪ ʔ s ə m a ʔ
လာ	l à
ဘူး	b ú
ပဝေဏီ	p ə w è n ì
ကွန်ဒုံး	k ʊ̀ ɴ d ó ʊ ɴ
ငါးပိထောင်း	ŋ á p ḭ tʰ á ʊ ɴ
ဥမင်	ʔ ṵ m ɪ̀ ɴ
ကိုက်	k a ɪ ʔ
ညစ်ထည်း	ɲ ɪ ʔ tʰ é
အီကွေဒေါ	ʔ ì k w è d ɔ́
စားစရာ	s á z ə j à
ဓာတ်မီးပူ	d a ʔ m í b ù
အစည်းအရုံး	ʔ ə s í ʔ ə j ó ʊ ɴ
ပညာ	p j ɪ̀ ɴ ɲ à
သိုး	θ ó
တာမွေ	t à m w è
ကုဋေ	ɡ ə d è
ဘုရားလောင်း	pʰ ə j á l á ʊ ɴ
သေ	θ è
ဆနွင်းမကင်း	sʰ ə n w ɪ́ ɴ m ə k ɪ́ ɴ
ခါ	kʰ à
ရက်စွဲ	j ɛ ʔ s w ɛ́
မင်းသမီး	m ɪ́ ɴ ð ə m í
မဲခေါင်မြစ်	m ɛ́ kʰ à ʊ ɴ m j ɪ ʔ
ကုတ်	k o ʊ ʔ
အီတလီ	ʔ ì t a̰ l ì
ဆက်သွယ်ရေး	sʰ ɛ ʔ θ w ɛ̀ j é
ရူပကအလင်္ကာ	j ù p ə k a̰ ʔ ə l ì ɡ à
မိဖုရား	m ḭ b ə j á
လုံး	l ó ʊ ɴ
ဂန္ဒမာ	ɡ à ɴ d ə m à
မြေး	m j é
ပဋိပက္ခ	p ə t ḭ p ɛ ʔ kʰ a̰
အောင်လံ	ʔ à ʊ ɴ l à ɴ
ဖျား	pʰ j á
နားလည်	n á l ɛ̀
ကိုးကန့်	k ó ɡ a̰ ɴ
မော်လဒိုက်	m ɔ̀ l ə d a ɪ ʔ
ဈေးကြီး	z é t͡ɕ í
တင်းနစ်	t ɪ́ ɴ n ɪ ʔ
ခတ္တိယ	kʰ a ʔ t ḭ j a̰
အသံ	ʔ ə θ à ɴ
ဝတ်စုံ	w ʊ ʔ s ò ʊ ɴ
ငါးဥ	ŋ á ʔ ṵ
စိတ်ရောဂါ	s e ɪ ʔ j ɔ́ ɡ à
ပုရစ်	p ə j ɪ ʔ
ရွရွ	j w a̰ j w a̰
ကဏ္ဍ	k à n d a̰
ချားလ်	t͡ɕʰ á l
လက်ကိုင်ပဝါ	l ɛ ʔ k à ɪ ɴ p a̰ w à
သာရိပုတ္တရာ	θ à j ḭ p o ʊ ʔ t ə j à
လွှ	l̥ w a̰
နယူးဒေလီ	n ə j ú d è l ì
ဂျူး	d͡ʑ ú
ကွန်ပါ	k ʊ̀ ɴ p à
မျိုးစိတ်	m j ó z e ɪ ʔ
လက်ကွက်	l ɛ ʔ k w ɛ ʔ
စားပွဲထိုး	z á b w ɛ́ d ó
အကျော်ဇေယျ	ʔ ə t͡ɕ ɔ̀ z è j a̰
ကိုက်လန်	k a ɪ ʔ l à ɴ
ကျဉ်းကျပ်	t͡ɕ ɪ́ ɴ t͡ɕ a ʔ
ဘိဘိသန	b ḭ b ḭ θ ə n a̰
ပတ်တီး	p a ʔ t í
နိုင်ငံ	n à ɪ ɴ ŋ à ɴ
ဇာတ်ကြီးဆယ်ဘွဲ့	z à t d͡ʑ í sʰ ɛ̀ b w ɛ̰
ကွန်	k ʊ̀ ɴ
နှောက်	n̥ a ʊ ʔ
လေရဟတ်	l è j ə h a ʔ
လောကဝတ်	l ɔ́ ɡ ə w ʊ ʔ
ကိန္နရီ	k è ɪ ɴ n ə j ì
ခေါင်း	ɡ á ʊ ɴ
ပိတ်	p e ɪ ʔ
ရှင်းရှင်း	ʃ ɪ́ ɴ ʃ ɪ́ ɴ
နီကာရာဂွါ	n ì k à ɹ à ɡ w à
စွယ်	s w ɛ̀
ကြိယာဝိသေသန	k ə ɹ ḭ j à w ḭ θ è θ ə n a̰
မြစ်	m j ɪ ʔ
အဖော်	ʔ ə pʰ ɔ̀
ရေကြီး	j è t͡ɕ í
သတ်	θ a ʔ
လား	l á
လက်စွပ်	l ɛ ʔ s ʊ ʔ
အမဲသား	ʔ ə m ɛ́ ð á
ကြေးမုံ	t͡ɕ é m ò ʊ ɴ
ရမ္မက်	j ə m ɛ ʔ
တယ်	t ɛ̀
သုတ်	θ o ʊ ʔ
သင်္ဂဟတရားလေးပါး	θ ɪ̀ ɴ ɡ a̰ h a̰ t a̰ j á l é p á
အဉ္ဇလီ	ʔ ɪ̀ ɴ z ə l ì
ဝက်ခြံ	w ɛ ʔ t͡ɕʰ à ɴ
ချဉ်ပေါင်	t͡ɕʰ ɪ̀ ɴ b à ʊ ɴ
လွယ်	l w ɛ̀
ကဖီး	k ə pʰ í
မည်သည်	m ì ð ì
ကုန်သည်	k ò ʊ ɴ ð è
ဘီး	b é ɪ ɴ
ဂျာမန်	d͡ʑ à m à ɴ
ထိပ်ခေါင်တင်	tʰ e ɪ ʔ kʰ à ʊ ɴ t ɪ̀ ɴ
ကွင်း	k w ɪ́ ɴ
ရင်	j ɪ̀ ɴ
နန်းတော်	n á ɴ d ɔ̀
ဝစီ	w ə z ì
ဒိုင်ယာနာ	d à ɪ ɴ j à n à
မရန်း	m ə j á ɴ
ကျွန်တော်	t͡ɕ ʊ̀ ɴ d ɔ̀
သွတ်သွတ်	θ ʊ ʔ θ ʊ ʔ
မဟေ	m ə h è
ဗီဇ	b ì z a̰
မင်္ဂလာပါ	m ɪ̀ ɴ ɡ ə l à b à
ကြွေး	t͡ɕ w é
နတ်ရွာစံ	n a ʔ j w à s à ɴ
မယ်ဇလီ	m ɛ̀ z ə l ì
ဇေ	z è
လတ်	l a ʔ
လိုက်	l a ɪ ʔ
ပြဌာန်း	p j a̰ tʰ á ɴ
ဟိုမှာ	h ò m̥ à
တဏှာ	t ə n̥ à
မြင်းမကလေး	m j ɪ́ ɴ m a̰ ɡ ə l é
ကိုယ်ဝန်	k ò j w ʊ̀ ɴ
ဒေသ	d è θ a̰
ကောင်းကင်	k á ʊ ɴ ɡ ɪ̀ ɴ
ခင်ဗျား	kʰ ɪ̀ ɴ b j á
ဒီဂရီ	d ì ɡ ə ɹ ì
လေဖြတ်ရောဂါ	l è pʰ j a ʔ j ɔ́ ɡ à
ကျိန္တလီ	t͡ɕ è ɪ ɴ t a̰ l ì
ဘူမိဗေဒ	b ù m ḭ b è d a̰
မင်္ဂလာဆောင်	m ɪ̀ ɴ ɡ ə l à sʰ à ʊ ɴ
သစ္စာလေးပါး	θ ɪ ʔ s à l é p á
တံစဉ်း	d ə z ɪ́ ɴ
ဆင်ခြေထောက်ရောဂါ	sʰ ɪ̀ ɴ t͡ɕʰ è d a ʊ ʔ j ɔ́ ɡ à
အင်းဝ	ʔ ə w a̰
တောက်တဲ့	t a ʊ ʔ t ɛ̰
ပြည်သူပြည်သား	p j ì ð ù p j ì ð á
မောင်း	m á ʊ ɴ
ဒဿဂီရိ	d ə θ a̰ ɡ ì j ḭ
အနုရာဓပူရ	ʔ ə n ṵ j à d a̰ p ù ɹ a̰
ဥပါကြယ်	ʔ ṵ p à t͡ɕ ɛ̀
လေဖုတ်	l è pʰ o ʊ ʔ
ပရိုဂရမ်	p ə ɹ ò ɡ ə ɹ à ɴ
တာဝန်	t à w ʊ̀ ɴ
စက်	s ɛ ʔ
ပုလဲ	p ə l ɛ́
ရှူရှိုက်	ʃ ù ʃ a ɪ ʔ
သိုက်	θ a ɪ ʔ
လစ်	l ɪ ʔ
မုန့်ဦးနှောက်	m o̰ ʊ ɴ ʔ ó ʊ ɴ ð í
ထေရဝါဒ	tʰ è j a̰ w à d a̰
သိဝ	θ ḭ w a̰
အာမေးနီးယား	ʔ à m é n í j á
ဆိုက်ဘေးရီးယား	sʰ a ɪ ʔ b é ɹ í j á
သီဂိရိယ	θ ì ɡ ḭ ɹ ḭ j a̰
ကော့စတာရီကာ	k ɔ̰ s ə t à ɹ ì k à
အကြံ	ʔ ə t͡ɕ à ɴ
ဝက်အူချောင်း	w ɛ ʔ ʔ ù d͡ʑ á ʊ ɴ
အကွာအဝေး	ʔ ə k w à ʔ ə w é
ပီပီ	p ì b ì
ဗိုလ်ချုပ်မှူးကြီး	b ò d͡ʑ o ʊ ʔ m̥ ú d͡ʑ í
အိပ်	ʔ e ɪ ʔ
နှပ်	n̥ a ʔ
နွေး	n w é
ရေခဲ	j è ɡ ɛ́
ဘရင်ဂျီ	b ə j ɪ̀ ɴ d͡ʑ ì
ဗိုက်	b a ɪ ʔ
လေထီး	l è d í
ရွှေထမင်း	ʃ w è tʰ ə m ɪ́ ɴ
အဂ္ဂမဟာပဏ္ဍိတ	ʔ ɛ ʔ ɡ a̰ m ə h à p à ɴ d ḭ t a̰
ဆောင်းဦး	sʰ á ʊ ɴ ʔ ú
နွေဦးပေါက်	n w è ʔ ú b a ʊ ʔ
သတ္တု	θ a ʔ t ṵ
တာလုဇ	t à l ṵ z a̰
သံကြိုးစာ	θ à ɴ d͡ʑ ó z à
ရဲ့	j ɛ̰
မဟာသာဝက	m ə h à θ à w ə k a̰
မဆလာ	m a̰ sʰ ə l à
ညစာ	ɲ a̰ z à
သိမ်	θ è ɪ ɴ
ပြာခွက်	p j à ɡ w ɛ ʔ
ပုံတူ	p ò ʊ ɴ d ù
အဆုတ်ရောင်ရောဂါ	ʔ a̰ sʰ o ʊ ʔ j à ʊ ɴ j ɔ́ ɡ à
ထိုမှာ	tʰ ò m̥ à
မော	m ɔ́
လက်ပတ်နာရီ	l ɛ ʔ p a ʔ n à j ì
လင်ပန်း	l ɪ̀ ɴ b á ɴ
ကုန်	k ò ʊ ɴ
ညွန့်	ɲ ʊ̰ ɴ
ငယ်	ŋ ɛ̀
မယ်သီလ	m ɛ̀ ð ì l a̰
ကြည်	t͡ɕ ì
တကာ	d ə ɡ à
ထမင်းဆိုင်	tʰ ə m ɪ́ ɴ z à ɪ ɴ
ခေါက်ဆွဲသုပ်	kʰ a ʊ ʔ sʰ w ɛ́ θ o ʊ ʔ
ရင်ထိုးတံဆိပ်	j ɪ̀ ɴ d ó d ə z e ɪ ʔ
အစက်	ʔ ə s ɛ ʔ
ချာတိတ်	t͡ɕʰ à t e ɪ ʔ
ဒေဝနာဂရီ	d è w a̰ n à ɡ ə ɹ ì
ကာတာ	k à t à
လှော်ကား	l̥ ɔ̀ ɡ á
ရက်ကန်း	j ɛ ʔ k á ɴ
အကုန်	ʔ ə k ò ʊ ɴ
အရိုးပျော့နာ	ʔ a̰ j ó p j ɔ̰ n à
ဝိုင်ယာကြိုး	w à ɪ ɴ j à d͡ʑ ó
စူပါမားကတ်	s ù p ə m á k a ʔ
ရုရု	j ṵ j ṵ
နေ့လည်	n ḛ l ɛ̀
အုန်းနို့	ʔ ó ʊ ɴ n o̰
သီတာ	θ ì d à
ဟထိုး	h a̰ tʰ ó
ဟုတ်ကဲ့	h o ʊ ʔ k ɛ̰
သုက်	θ o ʊ ʔ
သိုးထိန်း	θ ó d é ɪ ɴ
လေသာခန်း	l è ð à ɡ á ɴ
ဝပ်	w ʊ ʔ
မဲပေး	m ɛ́ p é
ရပ်ကွက်	j a ʔ k w ɛ ʔ
ဂရမ်	ɡ ə ɹ à ɴ
နနွင်း	sʰ ə n w ɪ́ ɴ
ရိတ်သိမ်း	j e ɪ ʔ θ é ɪ ɴ
လန်ဒန်	l à ɴ d à ɴ
ဘား	pʰ á
မြင်းကျား	m j ɪ́ ɴ d͡ʑ á
ဆိတ်မ	sʰ e ɪ ʔ m a̰
အဆုတ်	ʔ ə sʰ o ʊ ʔ
မျက်နှာသုတ်ပဝါ	m j ɛ ʔ n̥ à θ o ʊ ʔ p a̰ w à
အရိပ်	ʔ ə j e ɪ ʔ
သံလွင်	θ à ɴ l w ɪ̀ ɴ
သုဒ္ဒကြိယာ	θ o ʊ ʔ d a̰ k ə j ḭ j à
ခန္တီ	kʰ à ɴ t ì
နွားထီး	n ə tʰ í
လုံခြုံရေး	l ò ʊ ɴ d͡ʑ ò ʊ ɴ j é
ရတနာပူရ	j ɛ̀ d ə n à p ù ɹ a̰
ပီဇာ	p ì z à
အနှိပ်	ʔ ə n̥ e ɪ ʔ
ဆွယ်တာ	sʰ w ɛ̀ t à
သေး	θ é
ဘိန်းမုန့်	b é ɪ ɴ m o̰ ʊ ɴ
မတ်	m a ʔ
ကြည့်မြင်တိုင်	t͡ɕ ḭ m j ɪ̀ ɴ d à ɪ ɴ
စစ်တုရင်	s ɪ ʔ b ə j ɪ̀ ɴ
ဘက်ထရီ	b ɛ ʔ tʰ a̰ ɹ ì
မွန်တီနီဂရိုး	m ʊ̀ ɴ t ì n ì ɡ ə ɹ ó
စပ်	s a ʔ
လက်ချောင်း	l ɛ ʔ t͡ɕʰ á ʊ ɴ
ဒိန်းမတ်	d é ɪ ɴ m a ʔ
တစ္ဆေ	t ə sʰ è
အနံ့	ʔ ə n a̰ ɴ
ငါးမန်း	ŋ ə m á ɴ
ခင်	kʰ ɪ̀ ɴ
လျောင်း	l j á ʊ ɴ
အောက်သား	ʔ a ʊ ʔ ð á
စားပွဲ	s á b w ɛ́
မနော	m ə n ɔ́
ငါးဖန်ခွက်	ŋ ə pʰ à ɴ ɡ w ɛ ʔ
ဖခင်	pʰ a̰ ɡ ɪ̀ ɴ
ဟင်္သာတ	h ɪ̀ ɴ θ ə t a̰
အင်ဒိုရာ	ʔ ɪ̀ ɴ d ò ɹ à
အကြွေး	ʔ ə t͡ɕ w é
အမရပူရ	ʔ ə m ə j a̰ p ù j a̰
ဆော့	sʰ ɔ̰
သီး	θ í
လက်ခံ	l ɛ ʔ kʰ à ɴ
အစီရင်	ʔ ə s ì j ɪ̀ ɴ
ကျောက်မီးသွေး	t͡ɕ a ʊ ʔ m í ð w é
ရွှေဖရုံသီး	ʃ w è pʰ ə j ò ʊ ɴ ð í
ဂျေရုဆလင်	d͡ʑ è ɹ ṵ sʰ a̰ l ɪ̀ ɴ
ဆရာတော်	sʰ ə j à d ɔ̀
ချုပ်	t͡ɕʰ o ʊ ʔ
လူပျိုနာ	l ù b j ò n à
ပသျှူး	p ə ʃ ú
ကြိုဆိုပါ၏	t͡ɕ ò z ò b à ʔ ɛ̰
ကွမ်းရွက်ပင်	k ʊ́ ɴ j w ɛ ʔ p ɪ̀ ɴ
ရောမ	ɹ ɔ́ m a̰
ကော်ပြန့်	k ɔ̀ p j a̰ ɴ
ခွန်း	kʰ ʊ́ ɴ
စိတ်မှတ်	s e ɪ ʔ m̥ a ʔ
ကုန်စည်	k ò ʊ ɴ z ì
အပြုအမူ	ʔ ə p j ṵ ʔ ə m ù
ဗျူရို	b j ù ɹ ò
အိမ်သူ	ʔ è ɪ ɴ ð ù
မိတ္တူ	m e ɪ ʔ t ù
ကော်	k ɔ̀
မေဃာလယ	m è ɡ à l ə j a̰
ကညာ	k ə ɲ à
ပဒေသာပင်	b ə d è ð à b ɪ̀ ɴ
ယာဘ	j à b a̰
ဝနာ	w ə n à
အသင်	ʔ ə θ ɪ̀ ɴ
အင်္ကျီ	ʔ ɪ́ ɴ d͡ʑ ì
ရှည်မျော	ʃ è m j ɔ́
ဒုက္ခိတ	d o ʊ ʔ kʰ ḭ t a̰
ညီအစ်မ	ɲ ì ʔ ə m a̰
စင်း	s ɪ́ ɴ
ခြားနား	t͡ɕʰ á n á
မောက်ချ	m a ʊ ʔ t͡ɕʰ a̰
ရတနာပုံ	j ɛ̀ d ə n à b ò ʊ ɴ
လက္ခဏ	l ɛ ʔ kʰ ə n a̰
သမိန်	θ ə m è ɪ ɴ
ကျိုက်မရော	t͡ɕ a ɪ ʔ m ə ɹ ɔ́
ဝေါဟာရ	w ɔ́ h à ɹ a̰
တရုတ်နှင်းသီး	t a̰ j o ʊ ʔ n̥ ɪ́ ɴ θ í
ပင်မှည့်	p ɪ̀ ɴ m̥ ɛ̰
ဝိသေသလက္ခဏာ	w ḭ θ è θ a̰ l ɛ ʔ kʰ ə n à
ရဲရဲ	j ɛ́ j ɛ́
လှပ်လှပ်	l̥ a ʔ l̥ a ʔ
တွန်း	t ʊ́ ɴ
ကလီစာ	k ə l ì z à
ဘယ်တော့	b ɛ̀ d ɔ̰
ကိမိလဗေဒ	k ḭ m ḭ l a̰ b è d a̰
သားပိုက်ကောင်	θ á b a ɪ ʔ k à ʊ ɴ
သင်္ကြန်ထမင်း	ð ə d͡ʑ à ɴ tʰ ə m ɪ́ ɴ
အဋ္ဌမ	ʔ a ʔ tʰ ə m a̰
မီးအိမ်	m í ʔ è ɪ ɴ
တပ်မတော်	t a ʔ m ə d ɔ̀
ထိုင်ပေ	tʰ à ɪ ɴ p è
သုံး	θ ó ʊ ɴ
မှာ	m̥ à
လင်းတ	l ɪ́ ɴ d a̰
မောင်နှမ	m à ʊ ɴ n̥ ə m a̰
လုပ်ငန်း	l o ʊ ʔ ŋ á ɴ
ဗိုလ်ချုပ်	b ò d͡ʑ o ʊ ʔ
အာရိုက်	ʔ à j a ɪ ʔ
ပီလောပီနံ	p ì l ɔ́ p ì n à ɴ
ကိုယ်	k ò
တစ်ထောင်	t ə tʰ à ʊ ɴ
မဟာယာန	m ə h à j à n a̰
အဝါ	ʔ ə w à
ခြံ	t͡ɕʰ à ɴ
မံ	m à ɴ
မြို့နယ်	m j o̰ n ɛ̀
ခက်	kʰ ɛ ʔ
မာရ်နတ်	m à n a ʔ
စန္ဒာ	s à ɴ d à
လင်းဇင်း	l ɪ́ ɴ z ɪ́ ɴ
၎င်း	l ə ɡ à ʊ ɴ
အဝတ်	ʔ ə w ʊ ʔ
နို့သီးခေါင်း	n o̰ ð í ɡ á ʊ ɴ
တီဟီရန်	t ì h ì ɹ à ɴ
ဘေ့စ်ဘော	b ḛ s b ɔ́
ပြ	p j a̰
